receptor_complex,receptor_means,receptor_props,source,target,lrs_to_keep,lr_means,cellphone_pvals,ligand_receptor,source_target,ligand_receptor_source_target,ng_log_cellphone_pvals,log2_lr_means,sample,sample_source_target
CD44,0.99552196,1,TAM PARP14+ SPP1+,Urothelial Usage_3,TRUE,2.0249774,1.00E-04,SPP1 _ CD44,TAM PARP14+ SPP1+ _ Urothelial Usage_3,SPP1 _ CD44 _ TAM PARP14+ SPP1+ _ Urothelial Usage_3,4,1.017905807,BLAD1077,BLAD1077_TAM PARP14+ SPP1+_Urothelial Usage_3
LRP8,0.00514481,1,TAM PARP14+ SPP1+,Urothelial Usage_3,TRUE,1.2374719,1.00E-04,APOE _ LRP8,TAM PARP14+ SPP1+ _ Urothelial Usage_3,APOE _ LRP8 _ TAM PARP14+ SPP1+ _ Urothelial Usage_3,4,0.307395765,BLAD1077,BLAD1077_TAM PARP14+ SPP1+_Urothelial Usage_3
C1QBP,0.44036886,1,TAM PARP14+ SPP1+,Urothelial Usage_5,TRUE,0.9680513,1.00E-04,C1QB _ C1QBP,TAM PARP14+ SPP1+ _ Urothelial Usage_5,C1QB _ C1QBP _ TAM PARP14+ SPP1+ _ Urothelial Usage_5,4,-0.046844593,BLAD1077,BLAD1077_TAM PARP14+ SPP1+_Urothelial Usage_5
LGR4,0.91968405,1,TAM PARP14+ SPP1+,Urothelial Usage_2,TRUE,0.43070456,1.00E-04,TNFSF11 _ LGR4,TAM PARP14+ SPP1+ _ Urothelial Usage_2,TNFSF11 _ LGR4 _ TAM PARP14+ SPP1+ _ Urothelial Usage_2,4,-1.215229497,BLAD1077,BLAD1077_TAM PARP14+ SPP1+_Urothelial Usage_2
LAIR1,-0.08712485,1,TAM PARP14+ SPP1+,Urothelial Usage_2,TRUE,0.3465751,1.00E-04,LILRB4 _ LAIR1,TAM PARP14+ SPP1+ _ Urothelial Usage_2,LILRB4 _ LAIR1 _ TAM PARP14+ SPP1+ _ Urothelial Usage_2,4,-1.528760088,BLAD1077,BLAD1077_TAM PARP14+ SPP1+_Urothelial Usage_2
IL18_IL18R1_IL18RAP,-0.12797773,1,TAM PARP14+ SPP1+,Urothelial Usage_2,TRUE,0.29127938,1.00E-04,IL18 _ IL18R1,TAM PARP14+ SPP1+ _ Urothelial Usage_2,IL18 _ IL18R1 _ TAM PARP14+ SPP1+ _ Urothelial Usage_2,4,-1.77952452,BLAD1077,BLAD1077_TAM PARP14+ SPP1+_Urothelial Usage_2
IL18R1_IL18RAP,-0.12797773,1,TAM PARP14+ SPP1+,Urothelial Usage_2,TRUE,0.29127938,1.00E-04,IL18 _ IL18R1,TAM PARP14+ SPP1+ _ Urothelial Usage_2,IL18 _ IL18R1 _ TAM PARP14+ SPP1+ _ Urothelial Usage_2,4,-1.77952452,BLAD1077,BLAD1077_TAM PARP14+ SPP1+_Urothelial Usage_2
IL18R1_IL18RAP,-0.23942022,1,TAM PARP14+ SPP1+,Urothelial Usage_3,TRUE,0.23555812,1.00E-04,IL18 _ IL18R1,TAM PARP14+ SPP1+ _ Urothelial Usage_3,IL18 _ IL18R1 _ TAM PARP14+ SPP1+ _ Urothelial Usage_3,4,-2.08584503,BLAD1077,BLAD1077_TAM PARP14+ SPP1+_Urothelial Usage_3
IL18_IL18R1_IL18RAP,-0.23942022,1,TAM PARP14+ SPP1+,Urothelial Usage_3,TRUE,0.23555812,1.00E-04,IL18 _ IL18R1,TAM PARP14+ SPP1+ _ Urothelial Usage_3,IL18 _ IL18R1 _ TAM PARP14+ SPP1+ _ Urothelial Usage_3,4,-2.08584503,BLAD1077,BLAD1077_TAM PARP14+ SPP1+_Urothelial Usage_3
CXCR6,-0.068559274,1,TAM PARP14+ SPP1+,Urothelial Usage_2,TRUE,0.21925578,1.00E-04,CXCL16 _ CXCR6,TAM PARP14+ SPP1+ _ Urothelial Usage_2,CXCL16 _ CXCR6 _ TAM PARP14+ SPP1+ _ Urothelial Usage_2,4,-2.18931322,BLAD1077,BLAD1077_TAM PARP14+ SPP1+_Urothelial Usage_2
ITGAM_ITGB2,-0.11131837,1,TAM PARP14+ SPP1+,Urothelial Usage_5,TRUE,0.20098965,1.00E-04,ICAM1 _ ITGAM,TAM PARP14+ SPP1+ _ Urothelial Usage_5,ICAM1 _ ITGAM _ TAM PARP14+ SPP1+ _ Urothelial Usage_5,4,-2.314806883,BLAD1077,BLAD1077_TAM PARP14+ SPP1+_Urothelial Usage_5
TRAF2,0.3651461,1,TAM PARP14+ SPP1+,Urothelial Usage_2,TRUE,0.14868316,1.00E-04,TNFSF4 _ TRAF2,TAM PARP14+ SPP1+ _ Urothelial Usage_2,TNFSF4 _ TRAF2 _ TAM PARP14+ SPP1+ _ Urothelial Usage_2,4,-2.749686839,BLAD1077,BLAD1077_TAM PARP14+ SPP1+_Urothelial Usage_2
IL6R_IL6ST,-0.19581175,1,TAM PARP14+ SPP1+,Urothelial Usage_5,TRUE,0.11521958,1.00E-04,IL6 _ IL6R,TAM PARP14+ SPP1+ _ Urothelial Usage_5,IL6 _ IL6R _ TAM PARP14+ SPP1+ _ Urothelial Usage_5,4,-3.117542191,BLAD1077,BLAD1077_TAM PARP14+ SPP1+_Urothelial Usage_5
IL6R_IL6ST,-0.20380445,1,TAM PARP14+ SPP1+,Urothelial Usage_2,TRUE,0.11122323,1.00E-04,IL6 _ IL6R,TAM PARP14+ SPP1+ _ Urothelial Usage_2,IL6 _ IL6R _ TAM PARP14+ SPP1+ _ Urothelial Usage_2,4,-3.168469955,BLAD1077,BLAD1077_TAM PARP14+ SPP1+_Urothelial Usage_2
IL6R_IL6ST,-0.25571615,1,TAM PARP14+ SPP1+,Urothelial Usage_3,TRUE,0.08526738,0.016,IL6 _ IL6R,TAM PARP14+ SPP1+ _ Urothelial Usage_3,IL6 _ IL6R _ TAM PARP14+ SPP1+ _ Urothelial Usage_3,1.795880017,-3.551862262,BLAD1077,BLAD1077_TAM PARP14+ SPP1+_Urothelial Usage_3
NECTIN2,0.17548884,1,TAM PARP14+ SPP1+,Urothelial Usage_2,TRUE,0.03148861,0.019,TIGIT _ NECTIN2,TAM PARP14+ SPP1+ _ Urothelial Usage_2,TIGIT _ NECTIN2 _ TAM PARP14+ SPP1+ _ Urothelial Usage_2,1.721246399,-4.989026116,BLAD1077,BLAD1077_TAM PARP14+ SPP1+_Urothelial Usage_2
ACKR2,0.09061175,1,TAM PARP14+ SPP1+,Urothelial Usage_2,TRUE,-0.02075329,0.294,CCL28 _ ACKR2,TAM PARP14+ SPP1+ _ Urothelial Usage_2,CCL28 _ ACKR2 _ TAM PARP14+ SPP1+ _ Urothelial Usage_2,0.53165267,NA,BLAD1077,BLAD1077_TAM PARP14+ SPP1+_Urothelial Usage_2
FAS,0.015380672,1,TAM M1 HLA-DPB1+,Urothelial Usage_2,TRUE,-0.03189789,0.022,TNFSF13 _ FAS,TAM M1 HLA-DPB1+ _ Urothelial Usage_2,TNFSF13 _ FAS _ TAM M1 HLA-DPB1+ _ Urothelial Usage_2,1.657577319,NA,BLAD1077,BLAD1077_TAM M1 HLA-DPB1+_Urothelial Usage_2
TNFRSF8,-0.056783404,1,TAM M1 HLA-DPB1+,Urothelial Usage_2,TRUE,-0.09406354,0.227,TNFSF8 _ TNFRSF8,TAM M1 HLA-DPB1+ _ Urothelial Usage_2,TNFSF8 _ TNFRSF8 _ TAM M1 HLA-DPB1+ _ Urothelial Usage_2,0.643974143,NA,BLAD1077,BLAD1077_TAM M1 HLA-DPB1+_Urothelial Usage_2
CXADR,1.1659933,1,TAM M1 HLA-DPB1+,Urothelial Usage_1,TRUE,1.4972162,1.00E-04,JAML _ CXADR,TAM M1 HLA-DPB1+ _ Urothelial Usage_1,JAML _ CXADR _ TAM M1 HLA-DPB1+ _ Urothelial Usage_1,4,0.582282564,BLAD1002,BLAD1002_TAM M1 HLA-DPB1+_Urothelial Usage_1
ITGA3,0.6216844,1,TAM M1 HLA-DPB1+,Urothelial Usage_1,TRUE,0.990566,1.00E-04,TIMP2 _ ITGA3,TAM M1 HLA-DPB1+ _ Urothelial Usage_1,TIMP2 _ ITGA3 _ TAM M1 HLA-DPB1+ _ Urothelial Usage_1,4,-0.013674992,BLAD1002,BLAD1002_TAM M1 HLA-DPB1+_Urothelial Usage_1
IL1R1_IL1RAP,-0.29304314,1,TAM M1 HLA-DPB1+,Urothelial Usage_1,TRUE,-0.18711975,0.909,IL1B _ IL1R1,TAM M1 HLA-DPB1+ _ Urothelial Usage_1,IL1B _ IL1R1 _ TAM M1 HLA-DPB1+ _ Urothelial Usage_1,0.041436117,NA,BLAD1002,BLAD1002_TAM M1 HLA-DPB1+_Urothelial Usage_1
ITGA6,-0.13578112,1,TAM M1 HLA-DPB1+,Urothelial Usage_1,TRUE,-0.3037086,0.214,THBS1 _ ITGA6,TAM M1 HLA-DPB1+ _ Urothelial Usage_1,THBS1 _ ITGA6 _ TAM M1 HLA-DPB1+ _ Urothelial Usage_1,0.669586227,NA,BLAD1002,BLAD1002_TAM M1 HLA-DPB1+_Urothelial Usage_1
ITGAV_ITGB6,0.05048928,1,TAM M1 HLA-DPB1+,Urothelial Usage_1,TRUE,-0.30503672,0.245,FN1 _ ITGB6,TAM M1 HLA-DPB1+ _ Urothelial Usage_1,FN1 _ ITGB6 _ TAM M1 HLA-DPB1+ _ Urothelial Usage_1,0.610833916,NA,BLAD1002,BLAD1002_TAM M1 HLA-DPB1+_Urothelial Usage_1
LILRB1,-0.105758,1,TAM M1 HLA-DPB1+,Urothelial Usage_1,TRUE,-0.40366498,0.563,HLA-B _ LILRB1,TAM M1 HLA-DPB1+ _ Urothelial Usage_1,HLA-B _ LILRB1 _ TAM M1 HLA-DPB1+ _ Urothelial Usage_1,0.249491605,NA,BLAD1002,BLAD1002_TAM M1 HLA-DPB1+_Urothelial Usage_1
CD44,1.5139283,1,TAM PARP14+ SPP1+,Urothelial Usage_3,TRUE,1.6952121,1.00E-04,SPP1 _ CD44,TAM PARP14+ SPP1+ _ Urothelial Usage_3,SPP1 _ CD44 _ TAM PARP14+ SPP1+ _ Urothelial Usage_3,4,0.76146579,BLAD1029,BLAD1029_TAM PARP14+ SPP1+_Urothelial Usage_3
LRP8,0.48471722,1,TAM PARP14+ SPP1+,Urothelial Usage_3,TRUE,1.004782,1.00E-04,APOE _ LRP8,TAM PARP14+ SPP1+ _ Urothelial Usage_3,APOE _ LRP8 _ TAM PARP14+ SPP1+ _ Urothelial Usage_3,4,0.006882525,BLAD1029,BLAD1029_TAM PARP14+ SPP1+_Urothelial Usage_3
ITGA3,0.42905387,1,TAM M1 HLA-DPB1+,Urothelial Usage_1,TRUE,0.64049745,0.012,TIMP2 _ ITGA3,TAM M1 HLA-DPB1+ _ Urothelial Usage_1,TIMP2 _ ITGA3 _ TAM M1 HLA-DPB1+ _ Urothelial Usage_1,1.920818754,-0.642735268,BLAD1029,BLAD1029_TAM M1 HLA-DPB1+_Urothelial Usage_1
C1QBP,0.5302707,1,TAM PARP14+ SPP1+,Urothelial Usage_5,TRUE,0.46214673,1.00E-04,C1QB _ C1QBP,TAM PARP14+ SPP1+ _ Urothelial Usage_5,C1QB _ C1QBP _ TAM PARP14+ SPP1+ _ Urothelial Usage_5,4,-1.11357712,BLAD1029,BLAD1029_TAM PARP14+ SPP1+_Urothelial Usage_5
LAIR1,-0.08056149,1,TAM PARP14+ SPP1+,Urothelial Usage_2,TRUE,0.40168786,1.00E-04,LILRB4 _ LAIR1,TAM PARP14+ SPP1+ _ Urothelial Usage_2,LILRB4 _ LAIR1 _ TAM PARP14+ SPP1+ _ Urothelial Usage_2,4,-1.315853235,BLAD1029,BLAD1029_TAM PARP14+ SPP1+_Urothelial Usage_2
NECTIN2,0.5862305,1,TAM PARP14+ SPP1+,Urothelial Usage_2,TRUE,0.24190952,0.003,TIGIT _ NECTIN2,TAM PARP14+ SPP1+ _ Urothelial Usage_2,TIGIT _ NECTIN2 _ TAM PARP14+ SPP1+ _ Urothelial Usage_2,2.522878745,-2.047460549,BLAD1029,BLAD1029_TAM PARP14+ SPP1+_Urothelial Usage_2
ITGA6,-0.11687294,1,TAM M1 HLA-DPB1+,Urothelial Usage_1,TRUE,0.24167256,0.066,THBS1 _ ITGA6,TAM M1 HLA-DPB1+ _ Urothelial Usage_1,THBS1 _ ITGA6 _ TAM M1 HLA-DPB1+ _ Urothelial Usage_1,1.180456064,-2.048874419,BLAD1029,BLAD1029_TAM M1 HLA-DPB1+_Urothelial Usage_1
CXCR6,-0.07666389,1,TAM PARP14+ SPP1+,Urothelial Usage_2,TRUE,0.18059105,0.001,CXCL16 _ CXCR6,TAM PARP14+ SPP1+ _ Urothelial Usage_2,CXCL16 _ CXCR6 _ TAM PARP14+ SPP1+ _ Urothelial Usage_2,3,-2.4692017,BLAD1029,BLAD1029_TAM PARP14+ SPP1+_Urothelial Usage_2
ITGAV_ITGB6,0.5787452,1,TAM M1 HLA-DPB1+,Urothelial Usage_1,TRUE,0.17677155,0.144,FN1 _ ITGB6,TAM M1 HLA-DPB1+ _ Urothelial Usage_1,FN1 _ ITGB6 _ TAM M1 HLA-DPB1+ _ Urothelial Usage_1,0.841637508,-2.500041992,BLAD1029,BLAD1029_TAM M1 HLA-DPB1+_Urothelial Usage_1
ITGAM_ITGB2,-0.118286245,1,TAM PARP14+ SPP1+,Urothelial Usage_5,TRUE,0.14824022,0.037,ICAM1 _ ITGAM,TAM PARP14+ SPP1+ _ Urothelial Usage_5,ICAM1 _ ITGAM _ TAM PARP14+ SPP1+ _ Urothelial Usage_5,1.431798276,-2.753991167,BLAD1029,BLAD1029_TAM PARP14+ SPP1+_Urothelial Usage_5
FAS,-0.04606017,1,TAM M1 HLA-DPB1+,Urothelial Usage_2,TRUE,0.099358104,0.086,TNFSF13 _ FAS,TAM M1 HLA-DPB1+ _ Urothelial Usage_2,TNFSF13 _ FAS _ TAM M1 HLA-DPB1+ _ Urothelial Usage_2,1.065501549,-3.331218546,BLAD1029,BLAD1029_TAM M1 HLA-DPB1+_Urothelial Usage_2
CD36,-0.15610276,1,TAM PARP14+ SPP1+,Urothelial Usage_1,TRUE,0.09516049,1,S100A8 _ CD36,TAM PARP14+ SPP1+ _ Urothelial Usage_1,S100A8 _ CD36 _ TAM PARP14+ SPP1+ _ Urothelial Usage_1,0,-3.393493489,BLAD1029,BLAD1029_TAM PARP14+ SPP1+_Urothelial Usage_1
TNFRSF8,-0.061781377,1,TAM M1 HLA-DPB1+,Urothelial Usage_2,TRUE,0.09233132,0.048,TNFSF8 _ TNFRSF8,TAM M1 HLA-DPB1+ _ Urothelial Usage_2,TNFSF8 _ TNFRSF8 _ TAM M1 HLA-DPB1+ _ Urothelial Usage_2,1.318758763,-3.437036078,BLAD1029,BLAD1029_TAM M1 HLA-DPB1+_Urothelial Usage_2
IL6R_IL6ST,0.013751317,1,TAM PARP14+ SPP1+,Urothelial Usage_3,TRUE,0.07021663,1.00E-04,IL6 _ IL6R,TAM PARP14+ SPP1+ _ Urothelial Usage_3,IL6 _ IL6R _ TAM PARP14+ SPP1+ _ Urothelial Usage_3,4,-3.832043433,BLAD1029,BLAD1029_TAM PARP14+ SPP1+_Urothelial Usage_3
IL18R1_IL18RAP,-0.14773545,1,TAM PARP14+ SPP1+,Urothelial Usage_3,TRUE,0.024924628,1.00E-04,IL18 _ IL18R1,TAM PARP14+ SPP1+ _ Urothelial Usage_3,IL18 _ IL18R1 _ TAM PARP14+ SPP1+ _ Urothelial Usage_3,4,-5.326284217,BLAD1029,BLAD1029_TAM PARP14+ SPP1+_Urothelial Usage_3
IL18_IL18R1_IL18RAP,-0.14773545,1,TAM PARP14+ SPP1+,Urothelial Usage_3,TRUE,0.024924628,1.00E-04,IL18 _ IL18R1,TAM PARP14+ SPP1+ _ Urothelial Usage_3,IL18 _ IL18R1 _ TAM PARP14+ SPP1+ _ Urothelial Usage_3,4,-5.326284217,BLAD1029,BLAD1029_TAM PARP14+ SPP1+_Urothelial Usage_3
IL6R_IL6ST,-0.11668081,1,TAM PARP14+ SPP1+,Urothelial Usage_2,TRUE,0.005000573,0.235,IL6 _ IL6R,TAM PARP14+ SPP1+ _ Urothelial Usage_2,IL6 _ IL6R _ TAM PARP14+ SPP1+ _ Urothelial Usage_2,0.628932138,-7.643690953,BLAD1029,BLAD1029_TAM PARP14+ SPP1+_Urothelial Usage_2
TRAF2,0.02980397,1,TAM PARP14+ SPP1+,Urothelial Usage_2,TRUE,-0.001172367,0.464,TNFSF4 _ TRAF2,TAM PARP14+ SPP1+ _ Urothelial Usage_2,TNFSF4 _ TRAF2 _ TAM PARP14+ SPP1+ _ Urothelial Usage_2,0.333482019,NA,BLAD1029,BLAD1029_TAM PARP14+ SPP1+_Urothelial Usage_2
LILRB1,-0.12070892,1,TAM M1 HLA-DPB1+,Urothelial Usage_1,TRUE,-0.007228669,0.91,HLA-B _ LILRB1,TAM M1 HLA-DPB1+ _ Urothelial Usage_1,HLA-B _ LILRB1 _ TAM M1 HLA-DPB1+ _ Urothelial Usage_1,0.040958608,NA,BLAD1029,BLAD1029_TAM M1 HLA-DPB1+_Urothelial Usage_1
ACKR2,0.06468074,1,TAM PARP14+ SPP1+,Urothelial Usage_2,TRUE,-0.014368337,0.818,CCL28 _ ACKR2,TAM PARP14+ SPP1+ _ Urothelial Usage_2,CCL28 _ ACKR2 _ TAM PARP14+ SPP1+ _ Urothelial Usage_2,0.087246696,NA,BLAD1029,BLAD1029_TAM PARP14+ SPP1+_Urothelial Usage_2
IL18R1_IL18RAP,-0.23634152,1,TAM PARP14+ SPP1+,Urothelial Usage_2,TRUE,-0.019378409,0.191,IL18 _ IL18R1,TAM PARP14+ SPP1+ _ Urothelial Usage_2,IL18 _ IL18R1 _ TAM PARP14+ SPP1+ _ Urothelial Usage_2,0.718966633,NA,BLAD1029,BLAD1029_TAM PARP14+ SPP1+_Urothelial Usage_2
IL18_IL18R1_IL18RAP,-0.23634152,1,TAM PARP14+ SPP1+,Urothelial Usage_2,TRUE,-0.019378409,0.191,IL18 _ IL18R1,TAM PARP14+ SPP1+ _ Urothelial Usage_2,IL18 _ IL18R1 _ TAM PARP14+ SPP1+ _ Urothelial Usage_2,0.718966633,NA,BLAD1029,BLAD1029_TAM PARP14+ SPP1+_Urothelial Usage_2
IL6R_IL6ST,-0.18581618,1,TAM PARP14+ SPP1+,Urothelial Usage_5,TRUE,-0.029567115,0.473,IL6 _ IL6R,TAM PARP14+ SPP1+ _ Urothelial Usage_5,IL6 _ IL6R _ TAM PARP14+ SPP1+ _ Urothelial Usage_5,0.325138859,NA,BLAD1029,BLAD1029_TAM PARP14+ SPP1+_Urothelial Usage_5
IL18_IL18R1_IL18RAP,-0.2582777,1,TAM PARP14+ SPP1+,Urothelial Usage_1,TRUE,-0.030346505,0.284,IL18 _ IL18R1,TAM PARP14+ SPP1+ _ Urothelial Usage_1,IL18 _ IL18R1 _ TAM PARP14+ SPP1+ _ Urothelial Usage_1,0.54668166,NA,BLAD1029,BLAD1029_TAM PARP14+ SPP1+_Urothelial Usage_1
IL18R1_IL18RAP,-0.2582777,1,TAM PARP14+ SPP1+,Urothelial Usage_1,TRUE,-0.030346505,0.284,IL18 _ IL18R1,TAM PARP14+ SPP1+ _ Urothelial Usage_1,IL18 _ IL18R1 _ TAM PARP14+ SPP1+ _ Urothelial Usage_1,0.54668166,NA,BLAD1029,BLAD1029_TAM PARP14+ SPP1+_Urothelial Usage_1
LILRB2,-0.10466748,1,TAM PARP14+ SPP1+,Urothelial Usage_1,TRUE,-0.031557247,1,HLA-B _ LILRB2,TAM PARP14+ SPP1+ _ Urothelial Usage_1,HLA-B _ LILRB2 _ TAM PARP14+ SPP1+ _ Urothelial Usage_1,0,NA,BLAD1029,BLAD1029_TAM PARP14+ SPP1+_Urothelial Usage_1
LGR4,-0.3530939,1,TAM PARP14+ SPP1+,Urothelial Usage_2,TRUE,-0.19911054,0.962,TNFSF11 _ LGR4,TAM PARP14+ SPP1+ _ Urothelial Usage_2,TNFSF11 _ LGR4 _ TAM PARP14+ SPP1+ _ Urothelial Usage_2,0.016824928,NA,BLAD1029,BLAD1029_TAM PARP14+ SPP1+_Urothelial Usage_2
CXADR,-0.24046841,1,TAM M1 HLA-DPB1+,Urothelial Usage_1,TRUE,-0.20987108,0.795,JAML _ CXADR,TAM M1 HLA-DPB1+ _ Urothelial Usage_1,JAML _ CXADR _ TAM M1 HLA-DPB1+ _ Urothelial Usage_1,0.099632871,NA,BLAD1029,BLAD1029_TAM M1 HLA-DPB1+_Urothelial Usage_1
IL1R1_IL1RAP,-0.41835645,1,TAM M1 HLA-DPB1+,Urothelial Usage_1,TRUE,-0.25324735,0.99,IL1B _ IL1R1,TAM M1 HLA-DPB1+ _ Urothelial Usage_1,IL1B _ IL1R1 _ TAM M1 HLA-DPB1+ _ Urothelial Usage_1,0.004364805,NA,BLAD1029,BLAD1029_TAM M1 HLA-DPB1+_Urothelial Usage_1
LAIR1,-0.06455903,1,TAM PARP14+ SPP1+,Urothelial Usage_2,TRUE,1.6839026,1.00E-04,LILRB4 _ LAIR1,TAM PARP14+ SPP1+ _ Urothelial Usage_2,LILRB4 _ LAIR1 _ TAM PARP14+ SPP1+ _ Urothelial Usage_2,4,0.751808693,BLAD1077_gex,BLAD1077_gex_TAM PARP14+ SPP1+_Urothelial Usage_2
C1QBP,0.74885964,1,TAM PARP14+ SPP1+,Urothelial Usage_5,TRUE,1.4751222,1.00E-04,C1QB _ C1QBP,TAM PARP14+ SPP1+ _ Urothelial Usage_5,C1QB _ C1QBP _ TAM PARP14+ SPP1+ _ Urothelial Usage_5,4,0.560834473,BLAD1077_gex,BLAD1077_gex_TAM PARP14+ SPP1+_Urothelial Usage_5
CXCR6,0.001316698,1,TAM PARP14+ SPP1+,Urothelial Usage_2,TRUE,1.111619,1.00E-04,CXCL16 _ CXCR6,TAM PARP14+ SPP1+ _ Urothelial Usage_2,CXCL16 _ CXCR6 _ TAM PARP14+ SPP1+ _ Urothelial Usage_2,4,0.152662399,BLAD1077_gex,BLAD1077_gex_TAM PARP14+ SPP1+_Urothelial Usage_2
FAS,0.53737324,1,TAM M1 HLA-DPB1+,Urothelial Usage_2,TRUE,0.8548796,0.027,TNFSF13 _ FAS,TAM M1 HLA-DPB1+ _ Urothelial Usage_2,TNFSF13 _ FAS _ TAM M1 HLA-DPB1+ _ Urothelial Usage_2,1.568636236,-0.226206848,BLAD1077_gex,BLAD1077_gex_TAM M1 HLA-DPB1+_Urothelial Usage_2
IL18R1_IL18RAP,0.12045683,1,TAM PARP14+ SPP1+,Urothelial Usage_2,TRUE,0.5345624,1.00E-04,IL18 _ IL18R1,TAM PARP14+ SPP1+ _ Urothelial Usage_2,IL18 _ IL18R1 _ TAM PARP14+ SPP1+ _ Urothelial Usage_2,4,-0.90356973,BLAD1077_gex,BLAD1077_gex_TAM PARP14+ SPP1+_Urothelial Usage_2
IL18_IL18R1_IL18RAP,0.12045683,1,TAM PARP14+ SPP1+,Urothelial Usage_2,TRUE,0.5345624,1.00E-04,IL18 _ IL18R1,TAM PARP14+ SPP1+ _ Urothelial Usage_2,IL18 _ IL18R1 _ TAM PARP14+ SPP1+ _ Urothelial Usage_2,4,-0.90356973,BLAD1077_gex,BLAD1077_gex_TAM PARP14+ SPP1+_Urothelial Usage_2
LGR4,1.0086038,1,TAM PARP14+ SPP1+,Urothelial Usage_2,TRUE,0.5117705,1.00E-04,TNFSF11 _ LGR4,TAM PARP14+ SPP1+ _ Urothelial Usage_2,TNFSF11 _ LGR4 _ TAM PARP14+ SPP1+ _ Urothelial Usage_2,4,-0.966431106,BLAD1077_gex,BLAD1077_gex_TAM PARP14+ SPP1+_Urothelial Usage_2
ITGAM_ITGB2,-0.1152301,1,TAM PARP14+ SPP1+,Urothelial Usage_5,TRUE,0.46397835,1.00E-04,ICAM1 _ ITGAM,TAM PARP14+ SPP1+ _ Urothelial Usage_5,ICAM1 _ ITGAM _ TAM PARP14+ SPP1+ _ Urothelial Usage_5,4,-1.107870607,BLAD1077_gex,BLAD1077_gex_TAM PARP14+ SPP1+_Urothelial Usage_5
IL6R_IL6ST,-0.17186756,1,TAM PARP14+ SPP1+,Urothelial Usage_2,TRUE,0.4222031,1.00E-04,IL6 _ IL6R,TAM PARP14+ SPP1+ _ Urothelial Usage_2,IL6 _ IL6R _ TAM PARP14+ SPP1+ _ Urothelial Usage_2,4,-1.243990923,BLAD1077_gex,BLAD1077_gex_TAM PARP14+ SPP1+_Urothelial Usage_2
TRAF2,0.8068484,1,TAM PARP14+ SPP1+,Urothelial Usage_2,TRUE,0.41444594,0.12,TNFSF4 _ TRAF2,TAM PARP14+ SPP1+ _ Urothelial Usage_2,TNFSF4 _ TRAF2 _ TAM PARP14+ SPP1+ _ Urothelial Usage_2,0.920818754,-1.270744165,BLAD1077_gex,BLAD1077_gex_TAM PARP14+ SPP1+_Urothelial Usage_2
IL6R_IL6ST,-0.23711666,1,TAM PARP14+ SPP1+,Urothelial Usage_5,TRUE,0.38957852,1.00E-04,IL6 _ IL6R,TAM PARP14+ SPP1+ _ Urothelial Usage_5,IL6 _ IL6R _ TAM PARP14+ SPP1+ _ Urothelial Usage_5,4,-1.36001396,BLAD1077_gex,BLAD1077_gex_TAM PARP14+ SPP1+_Urothelial Usage_5
ACKR2,0.8483161,1,TAM PARP14+ SPP1+,Urothelial Usage_2,TRUE,0.31021094,1.00E-04,CCL28 _ ACKR2,TAM PARP14+ SPP1+ _ Urothelial Usage_2,CCL28 _ ACKR2 _ TAM PARP14+ SPP1+ _ Urothelial Usage_2,4,-1.688678529,BLAD1077_gex,BLAD1077_gex_TAM PARP14+ SPP1+_Urothelial Usage_2
TNFRSF8,-0.0355694,1,TAM M1 HLA-DPB1+,Urothelial Usage_2,TRUE,0.20864995,0.065,TNFSF8 _ TNFRSF8,TAM M1 HLA-DPB1+ _ Urothelial Usage_2,TNFSF8 _ TNFRSF8 _ TAM M1 HLA-DPB1+ _ Urothelial Usage_2,1.187086643,-2.26084352,BLAD1077_gex,BLAD1077_gex_TAM M1 HLA-DPB1+_Urothelial Usage_2
NECTIN2,0.39129093,1,TAM PARP14+ SPP1+,Urothelial Usage_2,TRUE,0.14719364,0.999,TIGIT _ NECTIN2,TAM PARP14+ SPP1+ _ Urothelial Usage_2,TIGIT _ NECTIN2 _ TAM PARP14+ SPP1+ _ Urothelial Usage_2,0.000434512,-2.764212759,BLAD1077_gex,BLAD1077_gex_TAM PARP14+ SPP1+_Urothelial Usage_2
CXADR,-0.3767356,1,TAM M1 HLA-DPB1+,Urothelial Usage_1,TRUE,1.5071906,1.00E-04,JAML _ CXADR,TAM M1 HLA-DPB1+ _ Urothelial Usage_1,JAML _ CXADR _ TAM M1 HLA-DPB1+ _ Urothelial Usage_1,4,0.591861872,BLAD1078_gex,BLAD1078_gex_TAM M1 HLA-DPB1+_Urothelial Usage_1
LAIR1,-0.12380498,1,TAM PARP14+ SPP1+,Urothelial Usage_2,TRUE,1.1932994,1.00E-04,LILRB4 _ LAIR1,TAM PARP14+ SPP1+ _ Urothelial Usage_2,LILRB4 _ LAIR1 _ TAM PARP14+ SPP1+ _ Urothelial Usage_2,4,0.254956062,BLAD1078_gex,BLAD1078_gex_TAM PARP14+ SPP1+_Urothelial Usage_2
ITGA6,-0.025840811,1,TAM M1 HLA-DPB1+,Urothelial Usage_1,TRUE,0.9036739,1.00E-04,THBS1 _ ITGA6,TAM M1 HLA-DPB1+ _ Urothelial Usage_1,THBS1 _ ITGA6 _ TAM M1 HLA-DPB1+ _ Urothelial Usage_1,4,-0.14612584,BLAD1078_gex,BLAD1078_gex_TAM M1 HLA-DPB1+_Urothelial Usage_1
FAS,-0.18927234,1,TAM M1 HLA-DPB1+,Urothelial Usage_2,TRUE,0.8276354,1.00E-04,TNFSF13 _ FAS,TAM M1 HLA-DPB1+ _ Urothelial Usage_2,TNFSF13 _ FAS _ TAM M1 HLA-DPB1+ _ Urothelial Usage_2,4,-0.272932741,BLAD1078_gex,BLAD1078_gex_TAM M1 HLA-DPB1+_Urothelial Usage_2
BMPR1B_BMPR2,1.5505731,1,TAM M1 HLA-DPB1+,Urothelial Usage_4,TRUE,0.7061731,1.00E-04,BMP2 _ BMPR1B,TAM M1 HLA-DPB1+ _ Urothelial Usage_4,BMP2 _ BMPR1B _ TAM M1 HLA-DPB1+ _ Urothelial Usage_4,4,-0.501906229,BLAD1078_gex,BLAD1078_gex_TAM M1 HLA-DPB1+_Urothelial Usage_4
BMPR1B,1.5505731,1,TAM M1 HLA-DPB1+,Urothelial Usage_4,TRUE,0.66127825,1.00E-04,BMP1 _ BMPR1B,TAM M1 HLA-DPB1+ _ Urothelial Usage_4,BMP1 _ BMPR1B _ TAM M1 HLA-DPB1+ _ Urothelial Usage_4,4,-0.596670644,BLAD1078_gex,BLAD1078_gex_TAM M1 HLA-DPB1+_Urothelial Usage_4
IL18_IL18R1_IL18RAP,-0.1394848,1,TAM PARP14+ SPP1+,Urothelial Usage_2,TRUE,0.5889332,1.00E-04,IL18 _ IL18R1,TAM PARP14+ SPP1+ _ Urothelial Usage_2,IL18 _ IL18R1 _ TAM PARP14+ SPP1+ _ Urothelial Usage_2,4,-0.76382409,BLAD1078_gex,BLAD1078_gex_TAM PARP14+ SPP1+_Urothelial Usage_2
IL18R1_IL18RAP,-0.1394848,1,TAM PARP14+ SPP1+,Urothelial Usage_2,TRUE,0.5889332,1.00E-04,IL18 _ IL18R1,TAM PARP14+ SPP1+ _ Urothelial Usage_2,IL18 _ IL18R1 _ TAM PARP14+ SPP1+ _ Urothelial Usage_2,4,-0.76382409,BLAD1078_gex,BLAD1078_gex_TAM PARP14+ SPP1+_Urothelial Usage_2
IL18_IL18R1_IL18RAP,-0.26530308,1,TAM PARP14+ SPP1+,Urothelial Usage_1,TRUE,0.5260241,0.039,IL18 _ IL18R1,TAM PARP14+ SPP1+ _ Urothelial Usage_1,IL18 _ IL18R1 _ TAM PARP14+ SPP1+ _ Urothelial Usage_1,1.408935393,-0.926799196,BLAD1078_gex,BLAD1078_gex_TAM PARP14+ SPP1+_Urothelial Usage_1
IL18R1_IL18RAP,-0.26530308,1,TAM PARP14+ SPP1+,Urothelial Usage_1,TRUE,0.5260241,0.039,IL18 _ IL18R1,TAM PARP14+ SPP1+ _ Urothelial Usage_1,IL18 _ IL18R1 _ TAM PARP14+ SPP1+ _ Urothelial Usage_1,1.408935393,-0.926799196,BLAD1078_gex,BLAD1078_gex_TAM PARP14+ SPP1+_Urothelial Usage_1
TNFRSF8,0.06938112,1,TAM M1 HLA-DPB1+,Urothelial Usage_2,TRUE,0.3704041,0.059,TNFSF8 _ TNFRSF8,TAM M1 HLA-DPB1+ _ Urothelial Usage_2,TNFSF8 _ TNFRSF8 _ TAM M1 HLA-DPB1+ _ Urothelial Usage_2,1.229147988,-1.432828027,BLAD1078_gex,BLAD1078_gex_TAM M1 HLA-DPB1+_Urothelial Usage_2
NECTIN2,0.84276605,1,TAM PARP14+ SPP1+,Urothelial Usage_2,TRUE,0.35944477,0.028,TIGIT _ NECTIN2,TAM PARP14+ SPP1+ _ Urothelial Usage_2,TIGIT _ NECTIN2 _ TAM PARP14+ SPP1+ _ Urothelial Usage_2,1.552841969,-1.476157983,BLAD1078_gex,BLAD1078_gex_TAM PARP14+ SPP1+_Urothelial Usage_2
LGR4,0.6934189,1,TAM PARP14+ SPP1+,Urothelial Usage_2,TRUE,0.31561786,0.003,TNFSF11 _ LGR4,TAM PARP14+ SPP1+ _ Urothelial Usage_2,TNFSF11 _ LGR4 _ TAM PARP14+ SPP1+ _ Urothelial Usage_2,2.522878745,-1.663749249,BLAD1078_gex,BLAD1078_gex_TAM PARP14+ SPP1+_Urothelial Usage_2
IL6R_IL6ST,-0.18360004,1,TAM PARP14+ SPP1+,Urothelial Usage_2,TRUE,0.118993655,0.099,IL6 _ IL6R,TAM PARP14+ SPP1+ _ Urothelial Usage_2,IL6 _ IL6R _ TAM PARP14+ SPP1+ _ Urothelial Usage_2,1.004364805,-3.071043447,BLAD1078_gex,BLAD1078_gex_TAM PARP14+ SPP1+_Urothelial Usage_2
CXCR6,-0.075446,1,TAM PARP14+ SPP1+,Urothelial Usage_2,TRUE,0.04795405,0.275,CXCL16 _ CXCR6,TAM PARP14+ SPP1+ _ Urothelial Usage_2,CXCL16 _ CXCR6 _ TAM PARP14+ SPP1+ _ Urothelial Usage_2,0.560667306,-4.382203525,BLAD1078_gex,BLAD1078_gex_TAM PARP14+ SPP1+_Urothelial Usage_2
ACKR2,0.22900863,1,TAM PARP14+ SPP1+,Urothelial Usage_2,TRUE,0.034468018,0.229,CCL28 _ ACKR2,TAM PARP14+ SPP1+ _ Urothelial Usage_2,CCL28 _ ACKR2 _ TAM PARP14+ SPP1+ _ Urothelial Usage_2,0.640164518,-4.858597847,BLAD1078_gex,BLAD1078_gex_TAM PARP14+ SPP1+_Urothelial Usage_2
ITGA3,0.19371928,1,TAM M1 HLA-DPB1+,Urothelial Usage_1,TRUE,0.032072164,0.096,TIMP2 _ ITGA3,TAM M1 HLA-DPB1+ _ Urothelial Usage_1,TIMP2 _ ITGA3 _ TAM M1 HLA-DPB1+ _ Urothelial Usage_1,1.017728767,-4.96253449,BLAD1078_gex,BLAD1078_gex_TAM M1 HLA-DPB1+_Urothelial Usage_1
IL1R1_IL1RAP,-0.42566478,1,TAM M1 HLA-DPB1+,Urothelial Usage_1,TRUE,0.010308638,0.644,IL1B _ IL1R1,TAM M1 HLA-DPB1+ _ Urothelial Usage_1,IL1B _ IL1R1 _ TAM M1 HLA-DPB1+ _ Urothelial Usage_1,0.191114133,-6.600002457,BLAD1078_gex,BLAD1078_gex_TAM M1 HLA-DPB1+_Urothelial Usage_1
TRAF2,0.001234704,1,TAM PARP14+ SPP1+,Urothelial Usage_2,TRUE,-0.035813622,0.671,TNFSF4 _ TRAF2,TAM PARP14+ SPP1+ _ Urothelial Usage_2,TNFSF4 _ TRAF2 _ TAM PARP14+ SPP1+ _ Urothelial Usage_2,0.17327748,NA,BLAD1078_gex,BLAD1078_gex_TAM PARP14+ SPP1+_Urothelial Usage_2
CD36,-0.15774775,1,TAM PARP14+ SPP1+,Urothelial Usage_1,TRUE,-0.107478485,0.164,S100A8 _ CD36,TAM PARP14+ SPP1+ _ Urothelial Usage_1,S100A8 _ CD36 _ TAM PARP14+ SPP1+ _ Urothelial Usage_1,0.785156152,NA,BLAD1078_gex,BLAD1078_gex_TAM PARP14+ SPP1+_Urothelial Usage_1
LILRB1,-0.12403879,1,TAM M1 HLA-DPB1+,Urothelial Usage_1,TRUE,-0.1940674,0.544,HLA-B _ LILRB1,TAM M1 HLA-DPB1+ _ Urothelial Usage_1,HLA-B _ LILRB1 _ TAM M1 HLA-DPB1+ _ Urothelial Usage_1,0.2644011,NA,BLAD1078_gex,BLAD1078_gex_TAM M1 HLA-DPB1+_Urothelial Usage_1
LILRB2,-0.10778444,1,TAM PARP14+ SPP1+,Urothelial Usage_1,TRUE,-0.2268005,0.699,HLA-B _ LILRB2,TAM PARP14+ SPP1+ _ Urothelial Usage_1,HLA-B _ LILRB2 _ TAM PARP14+ SPP1+ _ Urothelial Usage_1,0.155522824,NA,BLAD1078_gex,BLAD1078_gex_TAM PARP14+ SPP1+_Urothelial Usage_1
ITGAV_ITGB6,-0.10064098,1,TAM M1 HLA-DPB1+,Urothelial Usage_1,TRUE,-0.38312852,0.517,FN1 _ ITGB6,TAM M1 HLA-DPB1+ _ Urothelial Usage_1,FN1 _ ITGB6 _ TAM M1 HLA-DPB1+ _ Urothelial Usage_1,0.286509457,NA,BLAD1078_gex,BLAD1078_gex_TAM M1 HLA-DPB1+_Urothelial Usage_1
CXADR,0.110078245,1,TAM M1 HLA-DPB1+,Urothelial Usage_1,TRUE,1.5270041,1.00E-04,JAML _ CXADR,TAM M1 HLA-DPB1+ _ Urothelial Usage_1,JAML _ CXADR _ TAM M1 HLA-DPB1+ _ Urothelial Usage_1,4,0.610703936,BLAD1078,BLAD1078_TAM M1 HLA-DPB1+_Urothelial Usage_1
BMPR1B_BMPR2,2.712137,1,TAM M1 HLA-DPB1+,Urothelial Usage_4,TRUE,1.2826593,1.00E-04,BMP2 _ BMPR1B,TAM M1 HLA-DPB1+ _ Urothelial Usage_4,BMP2 _ BMPR1B _ TAM M1 HLA-DPB1+ _ Urothelial Usage_4,4,0.359138013,BLAD1078,BLAD1078_TAM M1 HLA-DPB1+_Urothelial Usage_4
BMPR1B,2.712137,1,TAM M1 HLA-DPB1+,Urothelial Usage_4,TRUE,1.244058,1.00E-04,BMP1 _ BMPR1B,TAM M1 HLA-DPB1+ _ Urothelial Usage_4,BMP1 _ BMPR1B _ TAM M1 HLA-DPB1+ _ Urothelial Usage_4,4,0.315053748,BLAD1078,BLAD1078_TAM M1 HLA-DPB1+_Urothelial Usage_4
IL18R1_IL18RAP,-0.18886353,1,TAM PARP14+ SPP1+,Urothelial Usage_1,TRUE,0.68046564,1.00E-04,IL18 _ IL18R1,TAM PARP14+ SPP1+ _ Urothelial Usage_1,IL18 _ IL18R1 _ TAM PARP14+ SPP1+ _ Urothelial Usage_1,4,-0.55540578,BLAD1078,BLAD1078_TAM PARP14+ SPP1+_Urothelial Usage_1
IL18_IL18R1_IL18RAP,-0.18886353,1,TAM PARP14+ SPP1+,Urothelial Usage_1,TRUE,0.68046564,1.00E-04,IL18 _ IL18R1,TAM PARP14+ SPP1+ _ Urothelial Usage_1,IL18 _ IL18R1 _ TAM PARP14+ SPP1+ _ Urothelial Usage_1,4,-0.55540578,BLAD1078,BLAD1078_TAM PARP14+ SPP1+_Urothelial Usage_1
IL18_IL18R1_IL18RAP,-0.20882843,1,TAM PARP14+ SPP1+,Urothelial Usage_2,TRUE,0.6704832,1.00E-04,IL18 _ IL18R1,TAM PARP14+ SPP1+ _ Urothelial Usage_2,IL18 _ IL18R1 _ TAM PARP14+ SPP1+ _ Urothelial Usage_2,4,-0.576726911,BLAD1078,BLAD1078_TAM PARP14+ SPP1+_Urothelial Usage_2
IL18R1_IL18RAP,-0.20882843,1,TAM PARP14+ SPP1+,Urothelial Usage_2,TRUE,0.6704832,1.00E-04,IL18 _ IL18R1,TAM PARP14+ SPP1+ _ Urothelial Usage_2,IL18 _ IL18R1 _ TAM PARP14+ SPP1+ _ Urothelial Usage_2,4,-0.576726911,BLAD1078,BLAD1078_TAM PARP14+ SPP1+_Urothelial Usage_2
LAIR1,-0.10343716,1,TAM PARP14+ SPP1+,Urothelial Usage_2,TRUE,0.4896682,1.00E-04,LILRB4 _ LAIR1,TAM PARP14+ SPP1+ _ Urothelial Usage_2,LILRB4 _ LAIR1 _ TAM PARP14+ SPP1+ _ Urothelial Usage_2,4,-1.030123587,BLAD1078,BLAD1078_TAM PARP14+ SPP1+_Urothelial Usage_2
NECTIN2,0.8944782,1,TAM PARP14+ SPP1+,Urothelial Usage_2,TRUE,0.3796797,1.00E-04,TIGIT _ NECTIN2,TAM PARP14+ SPP1+ _ Urothelial Usage_2,TIGIT _ NECTIN2 _ TAM PARP14+ SPP1+ _ Urothelial Usage_2,4,-1.397145229,BLAD1078,BLAD1078_TAM PARP14+ SPP1+_Urothelial Usage_2
ITGA6,0.1391124,1,TAM M1 HLA-DPB1+,Urothelial Usage_1,TRUE,0.30334547,1.00E-04,THBS1 _ ITGA6,TAM M1 HLA-DPB1+ _ Urothelial Usage_1,THBS1 _ ITGA6 _ TAM M1 HLA-DPB1+ _ Urothelial Usage_1,4,-1.720966328,BLAD1078,BLAD1078_TAM M1 HLA-DPB1+_Urothelial Usage_1
TNFRSF8,-0.035392784,1,TAM M1 HLA-DPB1+,Urothelial Usage_2,TRUE,0.22531655,1.00E-04,TNFSF8 _ TNFRSF8,TAM M1 HLA-DPB1+ _ Urothelial Usage_2,TNFSF8 _ TNFRSF8 _ TAM M1 HLA-DPB1+ _ Urothelial Usage_2,4,-2.149974808,BLAD1078,BLAD1078_TAM M1 HLA-DPB1+_Urothelial Usage_2
CXCR6,-0.072934516,1,TAM PARP14+ SPP1+,Urothelial Usage_2,TRUE,0.1871923,1.00E-04,CXCL16 _ CXCR6,TAM PARP14+ SPP1+ _ Urothelial Usage_2,CXCL16 _ CXCR6 _ TAM PARP14+ SPP1+ _ Urothelial Usage_2,4,-2.417407003,BLAD1078,BLAD1078_TAM PARP14+ SPP1+_Urothelial Usage_2
LGR4,0.3307327,1,TAM PARP14+ SPP1+,Urothelial Usage_2,TRUE,0.13235305,0.316,TNFSF11 _ LGR4,TAM PARP14+ SPP1+ _ Urothelial Usage_2,TNFSF11 _ LGR4 _ TAM PARP14+ SPP1+ _ Urothelial Usage_2,0.500312917,-2.917536654,BLAD1078,BLAD1078_TAM PARP14+ SPP1+_Urothelial Usage_2
TRAF2,0.21123543,1,TAM PARP14+ SPP1+,Urothelial Usage_2,TRUE,0.1207299,0.033,TNFSF4 _ TRAF2,TAM PARP14+ SPP1+ _ Urothelial Usage_2,TNFSF4 _ TRAF2 _ TAM PARP14+ SPP1+ _ Urothelial Usage_2,1.48148606,-3.050145076,BLAD1078,BLAD1078_TAM PARP14+ SPP1+_Urothelial Usage_2
IL1R1_IL1RAP,-0.10465578,1,TAM M1 HLA-DPB1+,Urothelial Usage_1,TRUE,0.07228619,0.982,IL1B _ IL1R1,TAM M1 HLA-DPB1+ _ Urothelial Usage_1,IL1B _ IL1R1 _ TAM M1 HLA-DPB1+ _ Urothelial Usage_1,0.007888512,-3.790136138,BLAD1078,BLAD1078_TAM M1 HLA-DPB1+_Urothelial Usage_1
FAS,-0.16377582,1,TAM M1 HLA-DPB1+,Urothelial Usage_2,TRUE,0.026801527,0.141,TNFSF13 _ FAS,TAM M1 HLA-DPB1+ _ Urothelial Usage_2,TNFSF13 _ FAS _ TAM M1 HLA-DPB1+ _ Urothelial Usage_2,0.850780887,-5.22154099,BLAD1078,BLAD1078_TAM M1 HLA-DPB1+_Urothelial Usage_2
IL6R_IL6ST,0.014182843,1,TAM PARP14+ SPP1+,Urothelial Usage_2,TRUE,-0.036343902,0.763,IL6 _ IL6R,TAM PARP14+ SPP1+ _ Urothelial Usage_2,IL6 _ IL6R _ TAM PARP14+ SPP1+ _ Urothelial Usage_2,0.117475462,NA,BLAD1078,BLAD1078_TAM PARP14+ SPP1+_Urothelial Usage_2
ITGA3,-0.074835666,1,TAM M1 HLA-DPB1+,Urothelial Usage_1,TRUE,-0.036780845,1.00E-04,TIMP2 _ ITGA3,TAM M1 HLA-DPB1+ _ Urothelial Usage_1,TIMP2 _ ITGA3 _ TAM M1 HLA-DPB1+ _ Urothelial Usage_1,4,NA,BLAD1078,BLAD1078_TAM M1 HLA-DPB1+_Urothelial Usage_1
CD36,0.03829556,1,TAM PARP14+ SPP1+,Urothelial Usage_1,TRUE,-0.063717484,0.019,S100A8 _ CD36,TAM PARP14+ SPP1+ _ Urothelial Usage_1,S100A8 _ CD36 _ TAM PARP14+ SPP1+ _ Urothelial Usage_1,1.721246399,NA,BLAD1078,BLAD1078_TAM PARP14+ SPP1+_Urothelial Usage_1
ACKR2,-0.041920103,1,TAM PARP14+ SPP1+,Urothelial Usage_2,TRUE,-0.07452224,1,CCL28 _ ACKR2,TAM PARP14+ SPP1+ _ Urothelial Usage_2,CCL28 _ ACKR2 _ TAM PARP14+ SPP1+ _ Urothelial Usage_2,0,NA,BLAD1078,BLAD1078_TAM PARP14+ SPP1+_Urothelial Usage_2
LILRB1,-0.10808836,1,TAM M1 HLA-DPB1+,Urothelial Usage_1,TRUE,-0.2420246,0.998,HLA-B _ LILRB1,TAM M1 HLA-DPB1+ _ Urothelial Usage_1,HLA-B _ LILRB1 _ TAM M1 HLA-DPB1+ _ Urothelial Usage_1,0.000869459,NA,BLAD1078,BLAD1078_TAM M1 HLA-DPB1+_Urothelial Usage_1
LILRB2,-0.093639866,1,TAM PARP14+ SPP1+,Urothelial Usage_1,TRUE,-0.31042254,1,HLA-B _ LILRB2,TAM PARP14+ SPP1+ _ Urothelial Usage_1,HLA-B _ LILRB2 _ TAM PARP14+ SPP1+ _ Urothelial Usage_1,0,NA,BLAD1078,BLAD1078_TAM PARP14+ SPP1+_Urothelial Usage_1
ITGAV_ITGB6,-0.12676643,1,TAM M1 HLA-DPB1+,Urothelial Usage_1,TRUE,-0.4022801,0.891,FN1 _ ITGB6,TAM M1 HLA-DPB1+ _ Urothelial Usage_1,FN1 _ ITGB6 _ TAM M1 HLA-DPB1+ _ Urothelial Usage_1,0.050122296,NA,BLAD1078,BLAD1078_TAM M1 HLA-DPB1+_Urothelial Usage_1
C1QBP,1.0541122,1,TAM PARP14+ SPP1+,Urothelial Usage_5,TRUE,2.2053368,1.00E-04,C1QB _ C1QBP,TAM PARP14+ SPP1+ _ Urothelial Usage_5,C1QB _ C1QBP _ TAM PARP14+ SPP1+ _ Urothelial Usage_5,4,1.140999002,BLAD1106,BLAD1106_TAM PARP14+ SPP1+_Urothelial Usage_5
LAIR1,-0.11805416,1,TAM PARP14+ SPP1+,Urothelial Usage_2,TRUE,1.4415306,0.059,LILRB4 _ LAIR1,TAM PARP14+ SPP1+ _ Urothelial Usage_2,LILRB4 _ LAIR1 _ TAM PARP14+ SPP1+ _ Urothelial Usage_2,1.229147988,0.527601462,BLAD1106,BLAD1106_TAM PARP14+ SPP1+_Urothelial Usage_2
FAS,0.007373739,1,TAM M1 HLA-DPB1+,Urothelial Usage_2,TRUE,1.259436,1.00E-04,TNFSF13 _ FAS,TAM M1 HLA-DPB1+ _ Urothelial Usage_2,TNFSF13 _ FAS _ TAM M1 HLA-DPB1+ _ Urothelial Usage_2,4,0.332777811,BLAD1106,BLAD1106_TAM M1 HLA-DPB1+_Urothelial Usage_2
CD44,-0.086726926,1,TAM PARP14+ SPP1+,Urothelial Usage_3,TRUE,1.0660762,0.259,SPP1 _ CD44,TAM PARP14+ SPP1+ _ Urothelial Usage_3,SPP1 _ CD44 _ TAM PARP14+ SPP1+ _ Urothelial Usage_3,0.586700236,0.092310561,BLAD1106,BLAD1106_TAM PARP14+ SPP1+_Urothelial Usage_3
ITGA3,0.5400854,1,TAM M1 HLA-DPB1+,Urothelial Usage_1,TRUE,0.6116068,1.00E-04,TIMP2 _ ITGA3,TAM M1 HLA-DPB1+ _ Urothelial Usage_1,TIMP2 _ ITGA3 _ TAM M1 HLA-DPB1+ _ Urothelial Usage_1,4,-0.709323648,BLAD1106,BLAD1106_TAM M1 HLA-DPB1+_Urothelial Usage_1
LRP8,0.05469178,1,TAM PARP14+ SPP1+,Urothelial Usage_3,TRUE,0.48932263,0.046,APOE _ LRP8,TAM PARP14+ SPP1+ _ Urothelial Usage_3,APOE _ LRP8 _ TAM PARP14+ SPP1+ _ Urothelial Usage_3,1.337242168,-1.031142089,BLAD1106,BLAD1106_TAM PARP14+ SPP1+_Urothelial Usage_3
LILRB2,0.100157574,1,TAM PARP14+ SPP1+,Urothelial Usage_1,TRUE,0.4452894,0.892,HLA-B _ LILRB2,TAM PARP14+ SPP1+ _ Urothelial Usage_1,HLA-B _ LILRB2 _ TAM PARP14+ SPP1+ _ Urothelial Usage_1,0.049635146,-1.167184826,BLAD1106,BLAD1106_TAM PARP14+ SPP1+_Urothelial Usage_1
CXADR,-0.34711957,1,TAM M1 HLA-DPB1+,Urothelial Usage_1,TRUE,0.44115353,1.00E-04,JAML _ CXADR,TAM M1 HLA-DPB1+ _ Urothelial Usage_1,JAML _ CXADR _ TAM M1 HLA-DPB1+ _ Urothelial Usage_1,4,-1.180647266,BLAD1106,BLAD1106_TAM M1 HLA-DPB1+_Urothelial Usage_1
LILRB1,-0.026283495,1,TAM M1 HLA-DPB1+,Urothelial Usage_1,TRUE,0.37821874,0.95,HLA-B _ LILRB1,TAM M1 HLA-DPB1+ _ Urothelial Usage_1,HLA-B _ LILRB1 _ TAM M1 HLA-DPB1+ _ Urothelial Usage_1,0.022276395,-1.402707247,BLAD1106,BLAD1106_TAM M1 HLA-DPB1+_Urothelial Usage_1
CXCR6,-0.058043957,1,TAM PARP14+ SPP1+,Urothelial Usage_2,TRUE,0.36715987,0.114,CXCL16 _ CXCR6,TAM PARP14+ SPP1+ _ Urothelial Usage_2,CXCL16 _ CXCR6 _ TAM PARP14+ SPP1+ _ Urothelial Usage_2,0.943095149,-1.445519712,BLAD1106,BLAD1106_TAM PARP14+ SPP1+_Urothelial Usage_2
ITGAM_ITGB2,-0.1110655,1,TAM PARP14+ SPP1+,Urothelial Usage_5,TRUE,0.32886648,0.818,ICAM1 _ ITGAM,TAM PARP14+ SPP1+ _ Urothelial Usage_5,ICAM1 _ ITGAM _ TAM PARP14+ SPP1+ _ Urothelial Usage_5,0.087246696,-1.604426127,BLAD1106,BLAD1106_TAM PARP14+ SPP1+_Urothelial Usage_5
CD36,0.1072174,1,TAM PARP14+ SPP1+,Urothelial Usage_1,TRUE,0.22905555,0.995,S100A8 _ CD36,TAM PARP14+ SPP1+ _ Urothelial Usage_1,S100A8 _ CD36 _ TAM PARP14+ SPP1+ _ Urothelial Usage_1,0.002176919,-2.126230575,BLAD1106,BLAD1106_TAM PARP14+ SPP1+_Urothelial Usage_1
IL18R1_IL18RAP,-0.21732803,1,TAM PARP14+ SPP1+,Urothelial Usage_2,TRUE,0.12206579,0.008,IL18 _ IL18R1,TAM PARP14+ SPP1+ _ Urothelial Usage_2,IL18 _ IL18R1 _ TAM PARP14+ SPP1+ _ Urothelial Usage_2,2.096910013,-3.034269166,BLAD1106,BLAD1106_TAM PARP14+ SPP1+_Urothelial Usage_2
IL18_IL18R1_IL18RAP,-0.21732803,1,TAM PARP14+ SPP1+,Urothelial Usage_2,TRUE,0.12206579,0.008,IL18 _ IL18R1,TAM PARP14+ SPP1+ _ Urothelial Usage_2,IL18 _ IL18R1 _ TAM PARP14+ SPP1+ _ Urothelial Usage_2,2.096910013,-3.034269166,BLAD1106,BLAD1106_TAM PARP14+ SPP1+_Urothelial Usage_2
IL18_IL18R1_IL18RAP,-0.23611215,1,TAM PARP14+ SPP1+,Urothelial Usage_3,TRUE,0.11267373,0.002,IL18 _ IL18R1,TAM PARP14+ SPP1+ _ Urothelial Usage_3,IL18 _ IL18R1 _ TAM PARP14+ SPP1+ _ Urothelial Usage_3,2.698970004,-3.149776906,BLAD1106,BLAD1106_TAM PARP14+ SPP1+_Urothelial Usage_3
IL18R1_IL18RAP,-0.23611215,1,TAM PARP14+ SPP1+,Urothelial Usage_3,TRUE,0.11267373,0.002,IL18 _ IL18R1,TAM PARP14+ SPP1+ _ Urothelial Usage_3,IL18 _ IL18R1 _ TAM PARP14+ SPP1+ _ Urothelial Usage_3,2.698970004,-3.149776906,BLAD1106,BLAD1106_TAM PARP14+ SPP1+_Urothelial Usage_3
IL18_IL18R1_IL18RAP,-0.25178117,1,TAM PARP14+ SPP1+,Urothelial Usage_1,TRUE,0.10483922,1.00E-04,IL18 _ IL18R1,TAM PARP14+ SPP1+ _ Urothelial Usage_1,IL18 _ IL18R1 _ TAM PARP14+ SPP1+ _ Urothelial Usage_1,4,-3.25374957,BLAD1106,BLAD1106_TAM PARP14+ SPP1+_Urothelial Usage_1
IL18R1_IL18RAP,-0.25178117,1,TAM PARP14+ SPP1+,Urothelial Usage_1,TRUE,0.10483922,1.00E-04,IL18 _ IL18R1,TAM PARP14+ SPP1+ _ Urothelial Usage_1,IL18 _ IL18R1 _ TAM PARP14+ SPP1+ _ Urothelial Usage_1,4,-3.25374957,BLAD1106,BLAD1106_TAM PARP14+ SPP1+_Urothelial Usage_1
IL18_IL18R1_IL18RAP,-0.25670183,1,TAM PARP14+ SPP1+,Urothelial Usage_7,TRUE,0.10237889,1.00E-04,IL18 _ IL18R1,TAM PARP14+ SPP1+ _ Urothelial Usage_7,IL18 _ IL18R1 _ TAM PARP14+ SPP1+ _ Urothelial Usage_7,4,-3.288009825,BLAD1106,BLAD1106_TAM PARP14+ SPP1+_Urothelial Usage_7
IL18R1_IL18RAP,-0.25670183,1,TAM PARP14+ SPP1+,Urothelial Usage_7,TRUE,0.10237889,1.00E-04,IL18 _ IL18R1,TAM PARP14+ SPP1+ _ Urothelial Usage_7,IL18 _ IL18R1 _ TAM PARP14+ SPP1+ _ Urothelial Usage_7,4,-3.288009825,BLAD1106,BLAD1106_TAM PARP14+ SPP1+_Urothelial Usage_7
IL1R1_IL1RAP,-0.2888682,1,TAM M1 HLA-DPB1+,Urothelial Usage_1,TRUE,0.017137691,0.167,IL1B _ IL1R1,TAM M1 HLA-DPB1+ _ Urothelial Usage_1,IL1B _ IL1R1 _ TAM M1 HLA-DPB1+ _ Urothelial Usage_1,0.777283529,-5.866683445,BLAD1106,BLAD1106_TAM M1 HLA-DPB1+_Urothelial Usage_1
TNFRSF8,-0.05742204,1,TAM M1 HLA-DPB1+,Urothelial Usage_2,TRUE,-0.002224501,0.284,TNFSF8 _ TNFRSF8,TAM M1 HLA-DPB1+ _ Urothelial Usage_2,TNFSF8 _ TNFRSF8 _ TAM M1 HLA-DPB1+ _ Urothelial Usage_2,0.54668166,NA,BLAD1106,BLAD1106_TAM M1 HLA-DPB1+_Urothelial Usage_2
TRAF2,0.027777625,1,TAM PARP14+ SPP1+,Urothelial Usage_2,TRUE,-0.010054818,0.397,TNFSF4 _ TRAF2,TAM PARP14+ SPP1+ _ Urothelial Usage_2,TNFSF4 _ TRAF2 _ TAM PARP14+ SPP1+ _ Urothelial Usage_2,0.401209493,NA,BLAD1106,BLAD1106_TAM PARP14+ SPP1+_Urothelial Usage_2
IL6R_IL6ST,-0.024984442,1,TAM PARP14+ SPP1+,Urothelial Usage_3,TRUE,-0.020132843,0.696,IL6 _ IL6R,TAM PARP14+ SPP1+ _ Urothelial Usage_3,IL6 _ IL6R _ TAM PARP14+ SPP1+ _ Urothelial Usage_3,0.15739076,NA,BLAD1106,BLAD1106_TAM PARP14+ SPP1+_Urothelial Usage_3
IL6R_IL6ST,-0.077927604,1,TAM PARP14+ SPP1+,Urothelial Usage_2,TRUE,-0.046604425,0.705,IL6 _ IL6R,TAM PARP14+ SPP1+ _ Urothelial Usage_2,IL6 _ IL6R _ TAM PARP14+ SPP1+ _ Urothelial Usage_2,0.151810883,NA,BLAD1106,BLAD1106_TAM PARP14+ SPP1+_Urothelial Usage_2
NECTIN2,-0.044504173,1,TAM PARP14+ SPP1+,Urothelial Usage_2,TRUE,-0.06709162,0.51,TIGIT _ NECTIN2,TAM PARP14+ SPP1+ _ Urothelial Usage_2,TIGIT _ NECTIN2 _ TAM PARP14+ SPP1+ _ Urothelial Usage_2,0.292429824,NA,BLAD1106,BLAD1106_TAM PARP14+ SPP1+_Urothelial Usage_2
ITGAV_ITGB6,-0.39855608,1,TAM M1 HLA-DPB1+,Urothelial Usage_1,TRUE,-0.07107307,1,FN1 _ ITGB6,TAM M1 HLA-DPB1+ _ Urothelial Usage_1,FN1 _ ITGB6 _ TAM M1 HLA-DPB1+ _ Urothelial Usage_1,0,NA,BLAD1106,BLAD1106_TAM M1 HLA-DPB1+_Urothelial Usage_1
TGFBR3,-0.49968135,1,TAM PARP14+ SPP1+,Urothelial Usage_7,TRUE,-0.07192904,1.00E-04,TGFB2 _ TGFBR3,TAM PARP14+ SPP1+ _ Urothelial Usage_7,TGFB2 _ TGFBR3 _ TAM PARP14+ SPP1+ _ Urothelial Usage_7,4,NA,BLAD1106,BLAD1106_TAM PARP14+ SPP1+_Urothelial Usage_7
ACKR2,-0.09897402,1,TAM PARP14+ SPP1+,Urothelial Usage_2,TRUE,-0.13892108,0.928,CCL28 _ ACKR2,TAM PARP14+ SPP1+ _ Urothelial Usage_2,CCL28 _ ACKR2 _ TAM PARP14+ SPP1+ _ Urothelial Usage_2,0.032452024,NA,BLAD1106,BLAD1106_TAM PARP14+ SPP1+_Urothelial Usage_2
IL6R_IL6ST,-0.26431328,1,TAM PARP14+ SPP1+,Urothelial Usage_5,TRUE,-0.13979726,0.993,IL6 _ IL6R,TAM PARP14+ SPP1+ _ Urothelial Usage_5,IL6 _ IL6R _ TAM PARP14+ SPP1+ _ Urothelial Usage_5,0.003050752,NA,BLAD1106,BLAD1106_TAM PARP14+ SPP1+_Urothelial Usage_5
LGR4,-0.5010091,1,TAM PARP14+ SPP1+,Urothelial Usage_2,TRUE,-0.2836981,0.999,TNFSF11 _ LGR4,TAM PARP14+ SPP1+ _ Urothelial Usage_2,TNFSF11 _ LGR4 _ TAM PARP14+ SPP1+ _ Urothelial Usage_2,0.000434512,NA,BLAD1106,BLAD1106_TAM PARP14+ SPP1+_Urothelial Usage_2
ITGA6,-0.6152836,1,TAM M1 HLA-DPB1+,Urothelial Usage_1,TRUE,-0.3984734,0.654,THBS1 _ ITGA6,TAM M1 HLA-DPB1+ _ Urothelial Usage_1,THBS1 _ ITGA6 _ TAM M1 HLA-DPB1+ _ Urothelial Usage_1,0.184422252,NA,BLAD1106,BLAD1106_TAM M1 HLA-DPB1+_Urothelial Usage_1
IL18R1_IL18RAP,-0.21160807,1,TAM PARP14+ SPP1+,Urothelial Usage_1,TRUE,0.24009052,1.00E-04,IL18 _ IL18R1,TAM PARP14+ SPP1+ _ Urothelial Usage_1,IL18 _ IL18R1 _ TAM PARP14+ SPP1+ _ Urothelial Usage_1,4,-2.058349655,BLAD1118,BLAD1118_TAM PARP14+ SPP1+_Urothelial Usage_1
IL18_IL18R1_IL18RAP,-0.21160807,1,TAM PARP14+ SPP1+,Urothelial Usage_1,TRUE,0.24009052,1.00E-04,IL18 _ IL18R1,TAM PARP14+ SPP1+ _ Urothelial Usage_1,IL18 _ IL18R1 _ TAM PARP14+ SPP1+ _ Urothelial Usage_1,4,-2.058349655,BLAD1118,BLAD1118_TAM PARP14+ SPP1+_Urothelial Usage_1
CD36,0.3168585,1,TAM PARP14+ SPP1+,Urothelial Usage_1,TRUE,0.11019874,1.00E-04,S100A8 _ CD36,TAM PARP14+ SPP1+ _ Urothelial Usage_1,S100A8 _ CD36 _ TAM PARP14+ SPP1+ _ Urothelial Usage_1,4,-3.181820366,BLAD1118,BLAD1118_TAM PARP14+ SPP1+_Urothelial Usage_1
LILRB2,-0.1006873,1,TAM PARP14+ SPP1+,Urothelial Usage_1,TRUE,-0.13314392,0.012,HLA-B _ LILRB2,TAM PARP14+ SPP1+ _ Urothelial Usage_1,HLA-B _ LILRB2 _ TAM PARP14+ SPP1+ _ Urothelial Usage_1,1.920818754,NA,BLAD1118,BLAD1118_TAM PARP14+ SPP1+_Urothelial Usage_1
CXADR,0.70268124,1,TAM M1 HLA-DPB1+,Urothelial Usage_1,TRUE,1.3064566,1.00E-04,JAML _ CXADR,TAM M1 HLA-DPB1+ _ Urothelial Usage_1,JAML _ CXADR _ TAM M1 HLA-DPB1+ _ Urothelial Usage_1,4,0.3856592,BLAD1120,BLAD1120_TAM M1 HLA-DPB1+_Urothelial Usage_1
CD44,0.42675614,1,TAM PARP14+ SPP1+,Urothelial Usage_3,TRUE,1.1550002,1.00E-04,SPP1 _ CD44,TAM PARP14+ SPP1+ _ Urothelial Usage_3,SPP1 _ CD44 _ TAM PARP14+ SPP1+ _ Urothelial Usage_3,4,0.207893101,BLAD1120,BLAD1120_TAM PARP14+ SPP1+_Urothelial Usage_3
LRP8,0.6208377,1,TAM PARP14+ SPP1+,Urothelial Usage_3,TRUE,0.4963748,1.00E-04,APOE _ LRP8,TAM PARP14+ SPP1+ _ Urothelial Usage_3,APOE _ LRP8 _ TAM PARP14+ SPP1+ _ Urothelial Usage_3,4,-1.01049822,BLAD1120,BLAD1120_TAM PARP14+ SPP1+_Urothelial Usage_3
NECTIN2,0.54767203,1,TAM PARP14+ SPP1+,Urothelial Usage_2,TRUE,0.32200274,1.00E-04,TIGIT _ NECTIN2,TAM PARP14+ SPP1+ _ Urothelial Usage_2,TIGIT _ NECTIN2 _ TAM PARP14+ SPP1+ _ Urothelial Usage_2,4,-1.63485513,BLAD1120,BLAD1120_TAM PARP14+ SPP1+_Urothelial Usage_2
ITGA3,-0.04013846,1,TAM M1 HLA-DPB1+,Urothelial Usage_1,TRUE,0.25218105,1.00E-04,TIMP2 _ ITGA3,TAM M1 HLA-DPB1+ _ Urothelial Usage_1,TIMP2 _ ITGA3 _ TAM M1 HLA-DPB1+ _ Urothelial Usage_1,4,-1.987468226,BLAD1120,BLAD1120_TAM M1 HLA-DPB1+_Urothelial Usage_1
ITGAM_ITGB2,-0.11759671,1,TAM PARP14+ SPP1+,Urothelial Usage_5,TRUE,0.16456969,0.028,ICAM1 _ ITGAM,TAM PARP14+ SPP1+ _ Urothelial Usage_5,ICAM1 _ ITGAM _ TAM PARP14+ SPP1+ _ Urothelial Usage_5,1.552841969,-2.603229446,BLAD1120,BLAD1120_TAM PARP14+ SPP1+_Urothelial Usage_5
C1QBP,0.17382549,1,TAM PARP14+ SPP1+,Urothelial Usage_5,TRUE,0.16212055,1.00E-04,C1QB _ C1QBP,TAM PARP14+ SPP1+ _ Urothelial Usage_5,C1QB _ C1QBP _ TAM PARP14+ SPP1+ _ Urothelial Usage_5,4,-2.62486112,BLAD1120,BLAD1120_TAM PARP14+ SPP1+_Urothelial Usage_5
LAIR1,-0.10198352,1,TAM PARP14+ SPP1+,Urothelial Usage_2,TRUE,0.10224219,0.02,LILRB4 _ LAIR1,TAM PARP14+ SPP1+ _ Urothelial Usage_2,LILRB4 _ LAIR1 _ TAM PARP14+ SPP1+ _ Urothelial Usage_2,1.698970004,-3.289937451,BLAD1120,BLAD1120_TAM PARP14+ SPP1+_Urothelial Usage_2
IL1R1_IL1RAP,-0.049929064,1,TAM M1 HLA-DPB1+,Urothelial Usage_1,TRUE,0.07778025,1,IL1B _ IL1R1,TAM M1 HLA-DPB1+ _ Urothelial Usage_1,IL1B _ IL1R1 _ TAM M1 HLA-DPB1+ _ Urothelial Usage_1,0,-3.684452318,BLAD1120,BLAD1120_TAM M1 HLA-DPB1+_Urothelial Usage_1
TNFRSF8,-0.064539306,1,TAM M1 HLA-DPB1+,Urothelial Usage_2,TRUE,0.067345336,0.336,TNFSF8 _ TNFRSF8,TAM M1 HLA-DPB1+ _ Urothelial Usage_2,TNFSF8 _ TNFRSF8 _ TAM M1 HLA-DPB1+ _ Urothelial Usage_2,0.473660723,-3.892278154,BLAD1120,BLAD1120_TAM M1 HLA-DPB1+_Urothelial Usage_2
TRAF2,0.12708521,1,TAM PARP14+ SPP1+,Urothelial Usage_2,TRUE,0.02794236,0.28,TNFSF4 _ TRAF2,TAM PARP14+ SPP1+ _ Urothelial Usage_2,TNFSF4 _ TRAF2 _ TAM PARP14+ SPP1+ _ Urothelial Usage_2,0.552841969,-5.161402314,BLAD1120,BLAD1120_TAM PARP14+ SPP1+_Urothelial Usage_2
IL6R_IL6ST,-0.04000486,1,TAM PARP14+ SPP1+,Urothelial Usage_2,TRUE,0.007199908,0.128,IL6 _ IL6R,TAM PARP14+ SPP1+ _ Urothelial Usage_2,IL6 _ IL6R _ TAM PARP14+ SPP1+ _ Urothelial Usage_2,0.89279003,-7.117805873,BLAD1120,BLAD1120_TAM PARP14+ SPP1+_Urothelial Usage_2
FAS,0.07737172,1,TAM M1 HLA-DPB1+,Urothelial Usage_2,TRUE,-0.004270073,0.658,TNFSF13 _ FAS,TAM M1 HLA-DPB1+ _ Urothelial Usage_2,TNFSF13 _ FAS _ TAM M1 HLA-DPB1+ _ Urothelial Usage_2,0.181774106,NA,BLAD1120,BLAD1120_TAM M1 HLA-DPB1+_Urothelial Usage_2
LGR4,0.050100364,1,TAM PARP14+ SPP1+,Urothelial Usage_2,TRUE,-0.005874313,0.742,TNFSF11 _ LGR4,TAM PARP14+ SPP1+ _ Urothelial Usage_2,TNFSF11 _ LGR4 _ TAM PARP14+ SPP1+ _ Urothelial Usage_2,0.129596095,NA,BLAD1120,BLAD1120_TAM PARP14+ SPP1+_Urothelial Usage_2
IL18_IL18R1_IL18RAP,-0.17673905,1,TAM PARP14+ SPP1+,Urothelial Usage_1,TRUE,-0.007778786,0.001,IL18 _ IL18R1,TAM PARP14+ SPP1+ _ Urothelial Usage_1,IL18 _ IL18R1 _ TAM PARP14+ SPP1+ _ Urothelial Usage_1,3,NA,BLAD1120,BLAD1120_TAM PARP14+ SPP1+_Urothelial Usage_1
IL18R1_IL18RAP,-0.17673905,1,TAM PARP14+ SPP1+,Urothelial Usage_1,TRUE,-0.007778786,0.001,IL18 _ IL18R1,TAM PARP14+ SPP1+ _ Urothelial Usage_1,IL18 _ IL18R1 _ TAM PARP14+ SPP1+ _ Urothelial Usage_1,3,NA,BLAD1120,BLAD1120_TAM PARP14+ SPP1+_Urothelial Usage_1
TNFRSF14,0.0531083,1,TAM M1 HLA-DPB1+,Urothelial Usage_6,TRUE,-0.010700965,0.354,TNFSF14 _ TNFRSF14,TAM M1 HLA-DPB1+ _ Urothelial Usage_6,TNFSF14 _ TNFRSF14 _ TAM M1 HLA-DPB1+ _ Urothelial Usage_6,0.450996738,NA,BLAD1120,BLAD1120_TAM M1 HLA-DPB1+_Urothelial Usage_6
IL18R1_IL18RAP,-0.22036034,1,TAM PARP14+ SPP1+,Urothelial Usage_3,TRUE,-0.02958943,0.081,IL18 _ IL18R1,TAM PARP14+ SPP1+ _ Urothelial Usage_3,IL18 _ IL18R1 _ TAM PARP14+ SPP1+ _ Urothelial Usage_3,1.091514981,NA,BLAD1120,BLAD1120_TAM PARP14+ SPP1+_Urothelial Usage_3
IL18_IL18R1_IL18RAP,-0.22036034,1,TAM PARP14+ SPP1+,Urothelial Usage_3,TRUE,-0.02958943,0.081,IL18 _ IL18R1,TAM PARP14+ SPP1+ _ Urothelial Usage_3,IL18 _ IL18R1 _ TAM PARP14+ SPP1+ _ Urothelial Usage_3,1.091514981,NA,BLAD1120,BLAD1120_TAM PARP14+ SPP1+_Urothelial Usage_3
IL18_IL18R1_IL18RAP,-0.25087002,1,TAM PARP14+ SPP1+,Urothelial Usage_2,TRUE,-0.04484427,0.094,IL18 _ IL18R1,TAM PARP14+ SPP1+ _ Urothelial Usage_2,IL18 _ IL18R1 _ TAM PARP14+ SPP1+ _ Urothelial Usage_2,1.026872146,NA,BLAD1120,BLAD1120_TAM PARP14+ SPP1+_Urothelial Usage_2
IL18R1_IL18RAP,-0.25087002,1,TAM PARP14+ SPP1+,Urothelial Usage_2,TRUE,-0.04484427,0.094,IL18 _ IL18R1,TAM PARP14+ SPP1+ _ Urothelial Usage_2,IL18 _ IL18R1 _ TAM PARP14+ SPP1+ _ Urothelial Usage_2,1.026872146,NA,BLAD1120,BLAD1120_TAM PARP14+ SPP1+_Urothelial Usage_2
IL6R_IL6ST,-0.1726774,1,TAM PARP14+ SPP1+,Urothelial Usage_5,TRUE,-0.05913636,0.2,IL6 _ IL6R,TAM PARP14+ SPP1+ _ Urothelial Usage_5,IL6 _ IL6R _ TAM PARP14+ SPP1+ _ Urothelial Usage_5,0.698970004,NA,BLAD1120,BLAD1120_TAM PARP14+ SPP1+_Urothelial Usage_5
ACKR2,0.011044021,1,TAM PARP14+ SPP1+,Urothelial Usage_2,TRUE,-0.06462637,0.259,CCL28 _ ACKR2,TAM PARP14+ SPP1+ _ Urothelial Usage_2,CCL28 _ ACKR2 _ TAM PARP14+ SPP1+ _ Urothelial Usage_2,0.586700236,NA,BLAD1120,BLAD1120_TAM PARP14+ SPP1+_Urothelial Usage_2
CD36,0.092452,1,TAM PARP14+ SPP1+,Urothelial Usage_1,TRUE,-0.06590527,0.358,S100A8 _ CD36,TAM PARP14+ SPP1+ _ Urothelial Usage_1,S100A8 _ CD36 _ TAM PARP14+ SPP1+ _ Urothelial Usage_1,0.446116973,NA,BLAD1120,BLAD1120_TAM PARP14+ SPP1+_Urothelial Usage_1
CXCR6,-0.091067836,1,TAM PARP14+ SPP1+,Urothelial Usage_2,TRUE,-0.06709993,0.275,CXCL16 _ CXCR6,TAM PARP14+ SPP1+ _ Urothelial Usage_2,CXCL16 _ CXCR6 _ TAM PARP14+ SPP1+ _ Urothelial Usage_2,0.560667306,NA,BLAD1120,BLAD1120_TAM PARP14+ SPP1+_Urothelial Usage_2
IL6R_IL6ST,-0.24214771,1,TAM PARP14+ SPP1+,Urothelial Usage_3,TRUE,-0.09387152,0.442,IL6 _ IL6R,TAM PARP14+ SPP1+ _ Urothelial Usage_3,IL6 _ IL6R _ TAM PARP14+ SPP1+ _ Urothelial Usage_3,0.354577731,NA,BLAD1120,BLAD1120_TAM PARP14+ SPP1+_Urothelial Usage_3
ITGAV_ITGB6,0.08482932,1,TAM M1 HLA-DPB1+,Urothelial Usage_1,TRUE,-0.094150335,0.995,FN1 _ ITGB6,TAM M1 HLA-DPB1+ _ Urothelial Usage_1,FN1 _ ITGB6 _ TAM M1 HLA-DPB1+ _ Urothelial Usage_1,0.002176919,NA,BLAD1120,BLAD1120_TAM M1 HLA-DPB1+_Urothelial Usage_1
LILRB1,-0.08338818,1,TAM M1 HLA-DPB1+,Urothelial Usage_1,TRUE,-0.15527996,0.433,HLA-B _ LILRB1,TAM M1 HLA-DPB1+ _ Urothelial Usage_1,HLA-B _ LILRB1 _ TAM M1 HLA-DPB1+ _ Urothelial Usage_1,0.363512104,NA,BLAD1120,BLAD1120_TAM M1 HLA-DPB1+_Urothelial Usage_1
LILRB2,-0.055891518,1,TAM PARP14+ SPP1+,Urothelial Usage_1,TRUE,-0.24915041,0.928,HLA-B _ LILRB2,TAM PARP14+ SPP1+ _ Urothelial Usage_1,HLA-B _ LILRB2 _ TAM PARP14+ SPP1+ _ Urothelial Usage_1,0.032452024,NA,BLAD1120,BLAD1120_TAM PARP14+ SPP1+_Urothelial Usage_1
ITGA6,-0.29849517,1,TAM M1 HLA-DPB1+,Urothelial Usage_1,TRUE,-0.3072919,0.992,THBS1 _ ITGA6,TAM M1 HLA-DPB1+ _ Urothelial Usage_1,THBS1 _ ITGA6 _ TAM M1 HLA-DPB1+ _ Urothelial Usage_1,0.003488328,NA,BLAD1120,BLAD1120_TAM M1 HLA-DPB1+_Urothelial Usage_1
C1QBP,0.23379013,1,TAM PARP14+ SPP1+,Urothelial Usage_5,TRUE,2.0114937,1.00E-04,C1QB _ C1QBP,TAM PARP14+ SPP1+ _ Urothelial Usage_5,C1QB _ C1QBP _ TAM PARP14+ SPP1+ _ Urothelial Usage_5,4,1.008267219,BLAD1146,BLAD1146_TAM PARP14+ SPP1+_Urothelial Usage_5
CXADR,0.2627704,1,TAM M1 HLA-DPB1+,Urothelial Usage_1,TRUE,1.0369809,1.00E-04,JAML _ CXADR,TAM M1 HLA-DPB1+ _ Urothelial Usage_1,JAML _ CXADR _ TAM M1 HLA-DPB1+ _ Urothelial Usage_1,4,0.052389322,BLAD1146,BLAD1146_TAM M1 HLA-DPB1+_Urothelial Usage_1
ITGA6,1.0505656,1,TAM M1 HLA-DPB1+,Urothelial Usage_1,TRUE,0.90726995,1.00E-04,THBS1 _ ITGA6,TAM M1 HLA-DPB1+ _ Urothelial Usage_1,THBS1 _ ITGA6 _ TAM M1 HLA-DPB1+ _ Urothelial Usage_1,4,-0.140396219,BLAD1146,BLAD1146_TAM M1 HLA-DPB1+_Urothelial Usage_1
LRP8,-0.15454288,1,TAM PARP14+ SPP1+,Urothelial Usage_3,TRUE,0.5212041,0.006,APOE _ LRP8,TAM PARP14+ SPP1+ _ Urothelial Usage_3,APOE _ LRP8 _ TAM PARP14+ SPP1+ _ Urothelial Usage_3,2.22184875,-0.940079662,BLAD1146,BLAD1146_TAM PARP14+ SPP1+_Urothelial Usage_3
LAIR1,-0.121367365,1,TAM PARP14+ SPP1+,Urothelial Usage_2,TRUE,0.45555484,0.001,LILRB4 _ LAIR1,TAM PARP14+ SPP1+ _ Urothelial Usage_2,LILRB4 _ LAIR1 _ TAM PARP14+ SPP1+ _ Urothelial Usage_2,3,-1.134303358,BLAD1146,BLAD1146_TAM PARP14+ SPP1+_Urothelial Usage_2
CXCR6,-0.07130434,1,TAM PARP14+ SPP1+,Urothelial Usage_2,TRUE,0.38419354,0.013,CXCL16 _ CXCR6,TAM PARP14+ SPP1+ _ Urothelial Usage_2,CXCL16 _ CXCR6 _ TAM PARP14+ SPP1+ _ Urothelial Usage_2,1.886056648,-1.380094834,BLAD1146,BLAD1146_TAM PARP14+ SPP1+_Urothelial Usage_2
ITGAM_ITGB2,-0.11777393,1,TAM PARP14+ SPP1+,Urothelial Usage_5,TRUE,0.32170734,0.008,ICAM1 _ ITGAM,TAM PARP14+ SPP1+ _ Urothelial Usage_5,ICAM1 _ ITGAM _ TAM PARP14+ SPP1+ _ Urothelial Usage_5,2.096910013,-1.636179242,BLAD1146,BLAD1146_TAM PARP14+ SPP1+_Urothelial Usage_5
NECTIN2,0.66674584,1,TAM PARP14+ SPP1+,Urothelial Usage_2,TRUE,0.25826102,0.019,TIGIT _ NECTIN2,TAM PARP14+ SPP1+ _ Urothelial Usage_2,TIGIT _ NECTIN2 _ TAM PARP14+ SPP1+ _ Urothelial Usage_2,1.721246399,-1.953098185,BLAD1146,BLAD1146_TAM PARP14+ SPP1+_Urothelial Usage_2
IL1R1_IL1RAP,-0.30759865,1,TAM M1 HLA-DPB1+,Urothelial Usage_1,TRUE,0.23311394,1.00E-04,IL1B _ IL1R1,TAM M1 HLA-DPB1+ _ Urothelial Usage_1,IL1B _ IL1R1 _ TAM M1 HLA-DPB1+ _ Urothelial Usage_1,4,-2.100892816,BLAD1146,BLAD1146_TAM M1 HLA-DPB1+_Urothelial Usage_1
ITGA3,0.27974337,1,TAM M1 HLA-DPB1+,Urothelial Usage_1,TRUE,0.1468729,0.951,TIMP2 _ ITGA3,TAM M1 HLA-DPB1+ _ Urothelial Usage_1,TIMP2 _ ITGA3 _ TAM M1 HLA-DPB1+ _ Urothelial Usage_1,0.021819483,-2.767359871,BLAD1146,BLAD1146_TAM M1 HLA-DPB1+_Urothelial Usage_1
IL6R_IL6ST,0.37597594,1,TAM PARP14+ SPP1+,Urothelial Usage_5,TRUE,0.14205168,0.328,IL6 _ IL6R,TAM PARP14+ SPP1+ _ Urothelial Usage_5,IL6 _ IL6R _ TAM PARP14+ SPP1+ _ Urothelial Usage_5,0.484126156,-2.815512201,BLAD1146,BLAD1146_TAM PARP14+ SPP1+_Urothelial Usage_5
TNFRSF8,-0.062102642,1,TAM M1 HLA-DPB1+,Urothelial Usage_2,TRUE,0.13722588,0.001,TNFSF8 _ TNFRSF8,TAM M1 HLA-DPB1+ _ Urothelial Usage_2,TNFSF8 _ TNFRSF8 _ TAM M1 HLA-DPB1+ _ Urothelial Usage_2,3,-2.865375504,BLAD1146,BLAD1146_TAM M1 HLA-DPB1+_Urothelial Usage_2
LILRB2,-0.074991934,1,TAM PARP14+ SPP1+,Urothelial Usage_1,TRUE,0.07608694,0.009,HLA-B _ LILRB2,TAM PARP14+ SPP1+ _ Urothelial Usage_1,HLA-B _ LILRB2 _ TAM PARP14+ SPP1+ _ Urothelial Usage_1,2.045757491,-3.716207347,BLAD1146,BLAD1146_TAM PARP14+ SPP1+_Urothelial Usage_1
TNFRSF14,0.054029666,1,TAM M1 HLA-DPB1+,Urothelial Usage_6,TRUE,0.03495741,0.014,TNFSF14 _ TNFRSF14,TAM M1 HLA-DPB1+ _ Urothelial Usage_6,TNFSF14 _ TNFRSF14 _ TAM M1 HLA-DPB1+ _ Urothelial Usage_6,1.853871964,-4.83825789,BLAD1146,BLAD1146_TAM M1 HLA-DPB1+_Urothelial Usage_6
IL6R_IL6ST,0.01837897,1,TAM PARP14+ SPP1+,Urothelial Usage_2,TRUE,-0.036746807,0.871,IL6 _ IL6R,TAM PARP14+ SPP1+ _ Urothelial Usage_2,IL6 _ IL6R _ TAM PARP14+ SPP1+ _ Urothelial Usage_2,0.059981845,NA,BLAD1146,BLAD1146_TAM PARP14+ SPP1+_Urothelial Usage_2
ITGAV_ITGB6,0.5048741,1,TAM M1 HLA-DPB1+,Urothelial Usage_1,TRUE,-0.05071014,0.919,FN1 _ ITGB6,TAM M1 HLA-DPB1+ _ Urothelial Usage_1,FN1 _ ITGB6 _ TAM M1 HLA-DPB1+ _ Urothelial Usage_1,0.036684489,NA,BLAD1146,BLAD1146_TAM M1 HLA-DPB1+_Urothelial Usage_1
CD36,-0.09148996,1,TAM PARP14+ SPP1+,Urothelial Usage_1,TRUE,-0.061295502,0.008,S100A8 _ CD36,TAM PARP14+ SPP1+ _ Urothelial Usage_1,S100A8 _ CD36 _ TAM PARP14+ SPP1+ _ Urothelial Usage_1,2.096910013,NA,BLAD1146,BLAD1146_TAM PARP14+ SPP1+_Urothelial Usage_1
LILRB1,-0.07865899,1,TAM M1 HLA-DPB1+,Urothelial Usage_1,TRUE,-0.068250015,1.00E-04,HLA-B _ LILRB1,TAM M1 HLA-DPB1+ _ Urothelial Usage_1,HLA-B _ LILRB1 _ TAM M1 HLA-DPB1+ _ Urothelial Usage_1,4,NA,BLAD1146,BLAD1146_TAM M1 HLA-DPB1+_Urothelial Usage_1
IL18_IL18R1_IL18RAP,-0.1624002,1,TAM PARP14+ SPP1+,Urothelial Usage_1,TRUE,-0.09973349,0.764,IL18 _ IL18R1,TAM PARP14+ SPP1+ _ Urothelial Usage_1,IL18 _ IL18R1 _ TAM PARP14+ SPP1+ _ Urothelial Usage_1,0.116906641,NA,BLAD1146,BLAD1146_TAM PARP14+ SPP1+_Urothelial Usage_1
IL18R1_IL18RAP,-0.1624002,1,TAM PARP14+ SPP1+,Urothelial Usage_1,TRUE,-0.09973349,0.764,IL18 _ IL18R1,TAM PARP14+ SPP1+ _ Urothelial Usage_1,IL18 _ IL18R1 _ TAM PARP14+ SPP1+ _ Urothelial Usage_1,0.116906641,NA,BLAD1146,BLAD1146_TAM PARP14+ SPP1+_Urothelial Usage_1
CD44,0.033648215,1,TAM PARP14+ SPP1+,Urothelial Usage_3,TRUE,-0.10578914,0.46,SPP1 _ CD44,TAM PARP14+ SPP1+ _ Urothelial Usage_3,SPP1 _ CD44 _ TAM PARP14+ SPP1+ _ Urothelial Usage_3,0.337242168,NA,BLAD1146,BLAD1146_TAM PARP14+ SPP1+_Urothelial Usage_3
FAS,-0.20173882,1,TAM M1 HLA-DPB1+,Urothelial Usage_2,TRUE,-0.1094018,0.884,TNFSF13 _ FAS,TAM M1 HLA-DPB1+ _ Urothelial Usage_2,TNFSF13 _ FAS _ TAM M1 HLA-DPB1+ _ Urothelial Usage_2,0.053547735,NA,BLAD1146,BLAD1146_TAM M1 HLA-DPB1+_Urothelial Usage_2
ACKR2,-0.07410246,1,TAM PARP14+ SPP1+,Urothelial Usage_2,TRUE,-0.11698032,0.959,CCL28 _ ACKR2,TAM PARP14+ SPP1+ _ Urothelial Usage_2,CCL28 _ ACKR2 _ TAM PARP14+ SPP1+ _ Urothelial Usage_2,0.018181393,NA,BLAD1146,BLAD1146_TAM PARP14+ SPP1+_Urothelial Usage_2
IL18R1_IL18RAP,-0.20759939,1,TAM PARP14+ SPP1+,Urothelial Usage_2,TRUE,-0.12233308,0.836,IL18 _ IL18R1,TAM PARP14+ SPP1+ _ Urothelial Usage_2,IL18 _ IL18R1 _ TAM PARP14+ SPP1+ _ Urothelial Usage_2,0.077793723,NA,BLAD1146,BLAD1146_TAM PARP14+ SPP1+_Urothelial Usage_2
IL18_IL18R1_IL18RAP,-0.20759939,1,TAM PARP14+ SPP1+,Urothelial Usage_2,TRUE,-0.12233308,0.836,IL18 _ IL18R1,TAM PARP14+ SPP1+ _ Urothelial Usage_2,IL18 _ IL18R1 _ TAM PARP14+ SPP1+ _ Urothelial Usage_2,0.077793723,NA,BLAD1146,BLAD1146_TAM PARP14+ SPP1+_Urothelial Usage_2
IL18R1_IL18RAP,-0.22757375,1,TAM PARP14+ SPP1+,Urothelial Usage_3,TRUE,-0.13232026,0.697,IL18 _ IL18R1,TAM PARP14+ SPP1+ _ Urothelial Usage_3,IL18 _ IL18R1 _ TAM PARP14+ SPP1+ _ Urothelial Usage_3,0.156767222,NA,BLAD1146,BLAD1146_TAM PARP14+ SPP1+_Urothelial Usage_3
IL18_IL18R1_IL18RAP,-0.22757375,1,TAM PARP14+ SPP1+,Urothelial Usage_3,TRUE,-0.13232026,0.697,IL18 _ IL18R1,TAM PARP14+ SPP1+ _ Urothelial Usage_3,IL18 _ IL18R1 _ TAM PARP14+ SPP1+ _ Urothelial Usage_3,0.156767222,NA,BLAD1146,BLAD1146_TAM PARP14+ SPP1+_Urothelial Usage_3
LGR4,-0.19887908,1,TAM PARP14+ SPP1+,Urothelial Usage_2,TRUE,-0.13503724,0.998,TNFSF11 _ LGR4,TAM PARP14+ SPP1+ _ Urothelial Usage_2,TNFSF11 _ LGR4 _ TAM PARP14+ SPP1+ _ Urothelial Usage_2,0.000869459,NA,BLAD1146,BLAD1146_TAM PARP14+ SPP1+_Urothelial Usage_2
TRAF2,-0.20472732,1,TAM PARP14+ SPP1+,Urothelial Usage_2,TRUE,-0.14237219,1,TNFSF4 _ TRAF2,TAM PARP14+ SPP1+ _ Urothelial Usage_2,TNFSF4 _ TRAF2 _ TAM PARP14+ SPP1+ _ Urothelial Usage_2,0,NA,BLAD1146,BLAD1146_TAM PARP14+ SPP1+_Urothelial Usage_2
BMPR1B_BMPR2,-0.18520376,1,TAM M1 HLA-DPB1+,Urothelial Usage_4,TRUE,-0.16129665,0.982,BMP2 _ BMPR1B,TAM M1 HLA-DPB1+ _ Urothelial Usage_4,BMP2 _ BMPR1B _ TAM M1 HLA-DPB1+ _ Urothelial Usage_4,0.007888512,NA,BLAD1146,BLAD1146_TAM M1 HLA-DPB1+_Urothelial Usage_4
IL6R_IL6ST,-0.26643664,1,TAM PARP14+ SPP1+,Urothelial Usage_3,TRUE,-0.1791546,0.996,IL6 _ IL6R,TAM PARP14+ SPP1+ _ Urothelial Usage_3,IL6 _ IL6R _ TAM PARP14+ SPP1+ _ Urothelial Usage_3,0.001740662,NA,BLAD1146,BLAD1146_TAM PARP14+ SPP1+_Urothelial Usage_3
BMPR1B,-0.18520376,1,TAM M1 HLA-DPB1+,Urothelial Usage_4,TRUE,-0.18726669,0.826,BMP1 _ BMPR1B,TAM M1 HLA-DPB1+ _ Urothelial Usage_4,BMP1 _ BMPR1B _ TAM M1 HLA-DPB1+ _ Urothelial Usage_4,0.083019953,NA,BLAD1146,BLAD1146_TAM M1 HLA-DPB1+_Urothelial Usage_4
ITGA6,0.69657224,1,TAM M1 HLA-DPB1+,Urothelial Usage_1,TRUE,1.0747237,1.00E-04,THBS1 _ ITGA6,TAM M1 HLA-DPB1+ _ Urothelial Usage_1,THBS1 _ ITGA6 _ TAM M1 HLA-DPB1+ _ Urothelial Usage_1,4,0.103965806,BLAD1149,BLAD1149_TAM M1 HLA-DPB1+_Urothelial Usage_1
CXADR,0.45063165,1,TAM M1 HLA-DPB1+,Urothelial Usage_1,TRUE,0.8035488,1.00E-04,JAML _ CXADR,TAM M1 HLA-DPB1+ _ Urothelial Usage_1,JAML _ CXADR _ TAM M1 HLA-DPB1+ _ Urothelial Usage_1,4,-0.315542453,BLAD1149,BLAD1149_TAM M1 HLA-DPB1+_Urothelial Usage_1
IL1R1_IL1RAP,-0.24029993,1,TAM M1 HLA-DPB1+,Urothelial Usage_1,TRUE,0.310104,1.00E-04,IL1B _ IL1R1,TAM M1 HLA-DPB1+ _ Urothelial Usage_1,IL1B _ IL1R1 _ TAM M1 HLA-DPB1+ _ Urothelial Usage_1,4,-1.68917596,BLAD1149,BLAD1149_TAM M1 HLA-DPB1+_Urothelial Usage_1
C1QBP,0.4786619,1,TAM PARP14+ SPP1+,Urothelial Usage_5,TRUE,0.10960236,0.204,C1QB _ C1QBP,TAM PARP14+ SPP1+ _ Urothelial Usage_5,C1QB _ C1QBP _ TAM PARP14+ SPP1+ _ Urothelial Usage_5,0.690369833,-3.189649232,BLAD1149,BLAD1149_TAM PARP14+ SPP1+_Urothelial Usage_5
CXCR6,-0.06567528,1,TAM PARP14+ SPP1+,Urothelial Usage_2,TRUE,0.095738724,0.095,CXCL16 _ CXCR6,TAM PARP14+ SPP1+ _ Urothelial Usage_2,CXCL16 _ CXCR6 _ TAM PARP14+ SPP1+ _ Urothelial Usage_2,1.022276395,-3.384753612,BLAD1149,BLAD1149_TAM PARP14+ SPP1+_Urothelial Usage_2
TNFRSF8,-0.064379044,1,TAM M1 HLA-DPB1+,Urothelial Usage_2,TRUE,0.07754472,0.018,TNFSF8 _ TNFRSF8,TAM M1 HLA-DPB1+ _ Urothelial Usage_2,TNFSF8 _ TNFRSF8 _ TAM M1 HLA-DPB1+ _ Urothelial Usage_2,1.744727495,-3.688827638,BLAD1149,BLAD1149_TAM M1 HLA-DPB1+_Urothelial Usage_2
ITGA3,0.3116313,1,TAM M1 HLA-DPB1+,Urothelial Usage_1,TRUE,0.06594919,1.00E-04,TIMP2 _ ITGA3,TAM M1 HLA-DPB1+ _ Urothelial Usage_1,TIMP2 _ ITGA3 _ TAM M1 HLA-DPB1+ _ Urothelial Usage_1,4,-3.92250125,BLAD1149,BLAD1149_TAM M1 HLA-DPB1+_Urothelial Usage_1
ITGAV_ITGB6,0.7141175,1,TAM M1 HLA-DPB1+,Urothelial Usage_1,TRUE,0.06562263,1.00E-04,FN1 _ ITGB6,TAM M1 HLA-DPB1+ _ Urothelial Usage_1,FN1 _ ITGB6 _ TAM M1 HLA-DPB1+ _ Urothelial Usage_1,4,-3.929662775,BLAD1149,BLAD1149_TAM M1 HLA-DPB1+_Urothelial Usage_1
CD44,0.3627546,1,TAM PARP14+ SPP1+,Urothelial Usage_3,TRUE,0.046077892,0.189,SPP1 _ CD44,TAM PARP14+ SPP1+ _ Urothelial Usage_3,SPP1 _ CD44 _ TAM PARP14+ SPP1+ _ Urothelial Usage_3,0.723538196,-4.439781473,BLAD1149,BLAD1149_TAM PARP14+ SPP1+_Urothelial Usage_3
NECTIN2,0.19053183,1,TAM PARP14+ SPP1+,Urothelial Usage_2,TRUE,0.012078516,0.036,TIGIT _ NECTIN2,TAM PARP14+ SPP1+ _ Urothelial Usage_2,TIGIT _ NECTIN2 _ TAM PARP14+ SPP1+ _ Urothelial Usage_2,1.443697499,-6.371412978,BLAD1149,BLAD1149_TAM PARP14+ SPP1+_Urothelial Usage_2
LRP8,-0.13962649,1,TAM PARP14+ SPP1+,Urothelial Usage_3,TRUE,-0.029792465,0.361,APOE _ LRP8,TAM PARP14+ SPP1+ _ Urothelial Usage_3,APOE _ LRP8 _ TAM PARP14+ SPP1+ _ Urothelial Usage_3,0.442492798,NA,BLAD1149,BLAD1149_TAM PARP14+ SPP1+_Urothelial Usage_3
TNFRSF14,0.0093676,1,TAM M1 HLA-DPB1+,Urothelial Usage_6,TRUE,-0.034379184,0.545,TNFSF14 _ TNFRSF14,TAM M1 HLA-DPB1+ _ Urothelial Usage_6,TNFSF14 _ TNFRSF14 _ TAM M1 HLA-DPB1+ _ Urothelial Usage_6,0.263603498,NA,BLAD1149,BLAD1149_TAM M1 HLA-DPB1+_Urothelial Usage_6
IL18_IL18R1_IL18RAP,-0.1571599,1,TAM PARP14+ SPP1+,Urothelial Usage_2,TRUE,-0.070710905,0.56,IL18 _ IL18R1,TAM PARP14+ SPP1+ _ Urothelial Usage_2,IL18 _ IL18R1 _ TAM PARP14+ SPP1+ _ Urothelial Usage_2,0.251811973,NA,BLAD1149,BLAD1149_TAM PARP14+ SPP1+_Urothelial Usage_2
IL18R1_IL18RAP,-0.1571599,1,TAM PARP14+ SPP1+,Urothelial Usage_2,TRUE,-0.070710905,0.56,IL18 _ IL18R1,TAM PARP14+ SPP1+ _ Urothelial Usage_2,IL18 _ IL18R1 _ TAM PARP14+ SPP1+ _ Urothelial Usage_2,0.251811973,NA,BLAD1149,BLAD1149_TAM PARP14+ SPP1+_Urothelial Usage_2
FAS,-0.17383026,1,TAM M1 HLA-DPB1+,Urothelial Usage_2,TRUE,-0.07106845,0.946,TNFSF13 _ FAS,TAM M1 HLA-DPB1+ _ Urothelial Usage_2,TNFSF13 _ FAS _ TAM M1 HLA-DPB1+ _ Urothelial Usage_2,0.024108864,NA,BLAD1149,BLAD1149_TAM M1 HLA-DPB1+_Urothelial Usage_2
IL18R1_IL18RAP,-0.1723494,1,TAM PARP14+ SPP1+,Urothelial Usage_1,TRUE,-0.078305654,0.558,IL18 _ IL18R1,TAM PARP14+ SPP1+ _ Urothelial Usage_1,IL18 _ IL18R1 _ TAM PARP14+ SPP1+ _ Urothelial Usage_1,0.253365801,NA,BLAD1149,BLAD1149_TAM PARP14+ SPP1+_Urothelial Usage_1
IL18_IL18R1_IL18RAP,-0.1723494,1,TAM PARP14+ SPP1+,Urothelial Usage_1,TRUE,-0.078305654,0.558,IL18 _ IL18R1,TAM PARP14+ SPP1+ _ Urothelial Usage_1,IL18 _ IL18R1 _ TAM PARP14+ SPP1+ _ Urothelial Usage_1,0.253365801,NA,BLAD1149,BLAD1149_TAM PARP14+ SPP1+_Urothelial Usage_1
IL6R_IL6ST,-0.085201524,1,TAM PARP14+ SPP1+,Urothelial Usage_5,TRUE,-0.09129996,0.621,IL6 _ IL6R,TAM PARP14+ SPP1+ _ Urothelial Usage_5,IL6 _ IL6R _ TAM PARP14+ SPP1+ _ Urothelial Usage_5,0.2069084,NA,BLAD1149,BLAD1149_TAM PARP14+ SPP1+_Urothelial Usage_5
LILRB1,-0.08728892,1,TAM M1 HLA-DPB1+,Urothelial Usage_1,TRUE,-0.1047578,1.00E-04,HLA-B _ LILRB1,TAM M1 HLA-DPB1+ _ Urothelial Usage_1,HLA-B _ LILRB1 _ TAM M1 HLA-DPB1+ _ Urothelial Usage_1,4,NA,BLAD1149,BLAD1149_TAM M1 HLA-DPB1+_Urothelial Usage_1
IL18_IL18R1_IL18RAP,-0.23529793,1,TAM PARP14+ SPP1+,Urothelial Usage_3,TRUE,-0.109779924,0.733,IL18 _ IL18R1,TAM PARP14+ SPP1+ _ Urothelial Usage_3,IL18 _ IL18R1 _ TAM PARP14+ SPP1+ _ Urothelial Usage_3,0.134896025,NA,BLAD1149,BLAD1149_TAM PARP14+ SPP1+_Urothelial Usage_3
IL18R1_IL18RAP,-0.23529793,1,TAM PARP14+ SPP1+,Urothelial Usage_3,TRUE,-0.109779924,0.733,IL18 _ IL18R1,TAM PARP14+ SPP1+ _ Urothelial Usage_3,IL18 _ IL18R1 _ TAM PARP14+ SPP1+ _ Urothelial Usage_3,0.134896025,NA,BLAD1149,BLAD1149_TAM PARP14+ SPP1+_Urothelial Usage_3
ACKR2,-0.05725048,1,TAM PARP14+ SPP1+,Urothelial Usage_2,TRUE,-0.11073612,0.83,CCL28 _ ACKR2,TAM PARP14+ SPP1+ _ Urothelial Usage_2,CCL28 _ ACKR2 _ TAM PARP14+ SPP1+ _ Urothelial Usage_2,0.080921908,NA,BLAD1149,BLAD1149_TAM PARP14+ SPP1+_Urothelial Usage_2
CD36,0.000137113,1,TAM PARP14+ SPP1+,Urothelial Usage_1,TRUE,-0.11602507,0.992,S100A8 _ CD36,TAM PARP14+ SPP1+ _ Urothelial Usage_1,S100A8 _ CD36 _ TAM PARP14+ SPP1+ _ Urothelial Usage_1,0.003488328,NA,BLAD1149,BLAD1149_TAM PARP14+ SPP1+_Urothelial Usage_1
LGR4,-0.15622269,1,TAM PARP14+ SPP1+,Urothelial Usage_2,TRUE,-0.116472974,0.455,TNFSF11 _ LGR4,TAM PARP14+ SPP1+ _ Urothelial Usage_2,TNFSF11 _ LGR4 _ TAM PARP14+ SPP1+ _ Urothelial Usage_2,0.341988603,NA,BLAD1149,BLAD1149_TAM PARP14+ SPP1+_Urothelial Usage_2
LAIR1,-0.11080833,1,TAM PARP14+ SPP1+,Urothelial Usage_2,TRUE,-0.11711192,0.996,LILRB4 _ LAIR1,TAM PARP14+ SPP1+ _ Urothelial Usage_2,LILRB4 _ LAIR1 _ TAM PARP14+ SPP1+ _ Urothelial Usage_2,0.001740662,NA,BLAD1149,BLAD1149_TAM PARP14+ SPP1+_Urothelial Usage_2
TRAF2,-0.15056539,1,TAM PARP14+ SPP1+,Urothelial Usage_2,TRUE,-0.117644206,0.982,TNFSF4 _ TRAF2,TAM PARP14+ SPP1+ _ Urothelial Usage_2,TNFSF4 _ TRAF2 _ TAM PARP14+ SPP1+ _ Urothelial Usage_2,0.007888512,NA,BLAD1149,BLAD1149_TAM PARP14+ SPP1+_Urothelial Usage_2
IL6R_IL6ST,-0.14765362,1,TAM PARP14+ SPP1+,Urothelial Usage_2,TRUE,-0.122526005,1,IL6 _ IL6R,TAM PARP14+ SPP1+ _ Urothelial Usage_2,IL6 _ IL6R _ TAM PARP14+ SPP1+ _ Urothelial Usage_2,0,NA,BLAD1149,BLAD1149_TAM PARP14+ SPP1+_Urothelial Usage_2
BMPR1B_BMPR2,-0.2732392,1,TAM M1 HLA-DPB1+,Urothelial Usage_4,TRUE,-0.16702081,0.997,BMP2 _ BMPR1B,TAM M1 HLA-DPB1+ _ Urothelial Usage_4,BMP2 _ BMPR1B _ TAM M1 HLA-DPB1+ _ Urothelial Usage_4,0.001304842,NA,BLAD1149,BLAD1149_TAM M1 HLA-DPB1+_Urothelial Usage_4
IL6R_IL6ST,-0.2578161,1,TAM PARP14+ SPP1+,Urothelial Usage_3,TRUE,-0.17760725,0.996,IL6 _ IL6R,TAM PARP14+ SPP1+ _ Urothelial Usage_3,IL6 _ IL6R _ TAM PARP14+ SPP1+ _ Urothelial Usage_3,0.001740662,NA,BLAD1149,BLAD1149_TAM PARP14+ SPP1+_Urothelial Usage_3
ITGAM_ITGB2,-0.11886102,1,TAM PARP14+ SPP1+,Urothelial Usage_5,TRUE,-0.17869672,0.998,ICAM1 _ ITGAM,TAM PARP14+ SPP1+ _ Urothelial Usage_5,ICAM1 _ ITGAM _ TAM PARP14+ SPP1+ _ Urothelial Usage_5,0.000869459,NA,BLAD1149,BLAD1149_TAM PARP14+ SPP1+_Urothelial Usage_5
BMPR1B,-0.2732392,1,TAM M1 HLA-DPB1+,Urothelial Usage_4,TRUE,-0.21505556,0.91,BMP1 _ BMPR1B,TAM M1 HLA-DPB1+ _ Urothelial Usage_4,BMP1 _ BMPR1B _ TAM M1 HLA-DPB1+ _ Urothelial Usage_4,0.040958608,NA,BLAD1149,BLAD1149_TAM M1 HLA-DPB1+_Urothelial Usage_4
LILRB2,-0.049970586,1,TAM PARP14+ SPP1+,Urothelial Usage_1,TRUE,-0.22227302,0.602,HLA-B _ LILRB2,TAM PARP14+ SPP1+ _ Urothelial Usage_1,HLA-B _ LILRB2 _ TAM PARP14+ SPP1+ _ Urothelial Usage_1,0.220403509,NA,BLAD1149,BLAD1149_TAM PARP14+ SPP1+_Urothelial Usage_1
IL1R1_IL1RAP,-0.12976098,1,TAM M1 HLA-DPB1+,Urothelial Usage_1,TRUE,0.91768616,1.00E-04,IL1B _ IL1R1,TAM M1 HLA-DPB1+ _ Urothelial Usage_1,IL1B _ IL1R1 _ TAM M1 HLA-DPB1+ _ Urothelial Usage_1,4,-0.123927245,BLAD1157,BLAD1157_TAM M1 HLA-DPB1+_Urothelial Usage_1
ITGA6,0.685503,1,TAM M1 HLA-DPB1+,Urothelial Usage_1,TRUE,0.8999995,1.00E-04,THBS1 _ ITGA6,TAM M1 HLA-DPB1+ _ Urothelial Usage_1,THBS1 _ ITGA6 _ TAM M1 HLA-DPB1+ _ Urothelial Usage_1,4,-0.152003895,BLAD1157,BLAD1157_TAM M1 HLA-DPB1+_Urothelial Usage_1
CXADR,0.24107079,1,TAM M1 HLA-DPB1+,Urothelial Usage_1,TRUE,0.7672928,1.00E-04,JAML _ CXADR,TAM M1 HLA-DPB1+ _ Urothelial Usage_1,JAML _ CXADR _ TAM M1 HLA-DPB1+ _ Urothelial Usage_1,4,-0.382150878,BLAD1157,BLAD1157_TAM M1 HLA-DPB1+_Urothelial Usage_1
IL6R_IL6ST,0.69445324,1,TAM PARP14+ SPP1+,Urothelial Usage_2,TRUE,0.3077211,0.082,IL6 _ IL6R,TAM PARP14+ SPP1+ _ Urothelial Usage_2,IL6 _ IL6R _ TAM PARP14+ SPP1+ _ Urothelial Usage_2,1.086186148,-1.700304724,BLAD1157,BLAD1157_TAM PARP14+ SPP1+_Urothelial Usage_2
NECTIN2,0.69569033,1,TAM PARP14+ SPP1+,Urothelial Usage_2,TRUE,0.29076457,0.016,TIGIT _ NECTIN2,TAM PARP14+ SPP1+ _ Urothelial Usage_2,TIGIT _ NECTIN2 _ TAM PARP14+ SPP1+ _ Urothelial Usage_2,1.795880017,-1.782076609,BLAD1157,BLAD1157_TAM PARP14+ SPP1+_Urothelial Usage_2
TNFRSF8,-0.05584697,1,TAM M1 HLA-DPB1+,Urothelial Usage_2,TRUE,0.100441225,0.394,TNFSF8 _ TNFRSF8,TAM M1 HLA-DPB1+ _ Urothelial Usage_2,TNFSF8 _ TNFRSF8 _ TAM M1 HLA-DPB1+ _ Urothelial Usage_2,0.404503778,-3.315576566,BLAD1157,BLAD1157_TAM M1 HLA-DPB1+_Urothelial Usage_2
FAS,-0.2572195,1,TAM M1 HLA-DPB1+,Urothelial Usage_2,TRUE,0.050703004,0.196,TNFSF13 _ FAS,TAM M1 HLA-DPB1+ _ Urothelial Usage_2,TNFSF13 _ FAS _ TAM M1 HLA-DPB1+ _ Urothelial Usage_2,0.707743929,-4.301784965,BLAD1157,BLAD1157_TAM M1 HLA-DPB1+_Urothelial Usage_2
ITGA3,0.13072455,1,TAM M1 HLA-DPB1+,Urothelial Usage_1,TRUE,0.010475107,0.178,TIMP2 _ ITGA3,TAM M1 HLA-DPB1+ _ Urothelial Usage_1,TIMP2 _ ITGA3 _ TAM M1 HLA-DPB1+ _ Urothelial Usage_1,0.749579998,-6.576891209,BLAD1157,BLAD1157_TAM M1 HLA-DPB1+_Urothelial Usage_1
CD36,0.22204357,1,TAM PARP14+ SPP1+,Urothelial Usage_1,TRUE,-0.003235497,0.85,S100A8 _ CD36,TAM PARP14+ SPP1+ _ Urothelial Usage_1,S100A8 _ CD36 _ TAM PARP14+ SPP1+ _ Urothelial Usage_1,0.070581074,NA,BLAD1157,BLAD1157_TAM PARP14+ SPP1+_Urothelial Usage_1
TNFRSF14,0.069218785,1,TAM M1 HLA-DPB1+,Urothelial Usage_6,TRUE,-0.006200522,0.109,TNFSF14 _ TNFRSF14,TAM M1 HLA-DPB1+ _ Urothelial Usage_6,TNFSF14 _ TNFRSF14 _ TAM M1 HLA-DPB1+ _ Urothelial Usage_6,0.962573502,NA,BLAD1157,BLAD1157_TAM M1 HLA-DPB1+_Urothelial Usage_6
ACKR2,0.10989235,1,TAM PARP14+ SPP1+,Urothelial Usage_2,TRUE,-0.017873049,0.132,CCL28 _ ACKR2,TAM PARP14+ SPP1+ _ Urothelial Usage_2,CCL28 _ ACKR2 _ TAM PARP14+ SPP1+ _ Urothelial Usage_2,0.879426069,NA,BLAD1157,BLAD1157_TAM PARP14+ SPP1+_Urothelial Usage_2
IL18R1_IL18RAP,0.20054519,1,TAM PARP14+ SPP1+,Urothelial Usage_1,TRUE,-0.03753805,0.998,IL18 _ IL18R1,TAM PARP14+ SPP1+ _ Urothelial Usage_1,IL18 _ IL18R1 _ TAM PARP14+ SPP1+ _ Urothelial Usage_1,0.000869459,NA,BLAD1157,BLAD1157_TAM PARP14+ SPP1+_Urothelial Usage_1
IL18_IL18R1_IL18RAP,0.20054519,1,TAM PARP14+ SPP1+,Urothelial Usage_1,TRUE,-0.03753805,0.998,IL18 _ IL18R1,TAM PARP14+ SPP1+ _ Urothelial Usage_1,IL18 _ IL18R1 _ TAM PARP14+ SPP1+ _ Urothelial Usage_1,0.000869459,NA,BLAD1157,BLAD1157_TAM PARP14+ SPP1+_Urothelial Usage_1
TRAF2,-0.00881258,1,TAM PARP14+ SPP1+,Urothelial Usage_2,TRUE,-0.03900168,0.191,TNFSF4 _ TRAF2,TAM PARP14+ SPP1+ _ Urothelial Usage_2,TNFSF4 _ TRAF2 _ TAM PARP14+ SPP1+ _ Urothelial Usage_2,0.718966633,NA,BLAD1157,BLAD1157_TAM PARP14+ SPP1+_Urothelial Usage_2
CXCR6,-0.054835144,1,TAM PARP14+ SPP1+,Urothelial Usage_2,TRUE,-0.09156115,0.444,CXCL16 _ CXCR6,TAM PARP14+ SPP1+ _ Urothelial Usage_2,CXCL16 _ CXCR6 _ TAM PARP14+ SPP1+ _ Urothelial Usage_2,0.35261703,NA,BLAD1157,BLAD1157_TAM PARP14+ SPP1+_Urothelial Usage_2
LAIR1,-0.11763013,1,TAM PARP14+ SPP1+,Urothelial Usage_2,TRUE,-0.108208045,0.934,LILRB4 _ LAIR1,TAM PARP14+ SPP1+ _ Urothelial Usage_2,LILRB4 _ LAIR1 _ TAM PARP14+ SPP1+ _ Urothelial Usage_2,0.029653124,NA,BLAD1157,BLAD1157_TAM PARP14+ SPP1+_Urothelial Usage_2
LILRB1,-0.090736635,1,TAM M1 HLA-DPB1+,Urothelial Usage_1,TRUE,-0.18565334,0.036,HLA-B _ LILRB1,TAM M1 HLA-DPB1+ _ Urothelial Usage_1,HLA-B _ LILRB1 _ TAM M1 HLA-DPB1+ _ Urothelial Usage_1,1.443697499,NA,BLAD1157,BLAD1157_TAM M1 HLA-DPB1+_Urothelial Usage_1
LGR4,-0.36756995,1,TAM PARP14+ SPP1+,Urothelial Usage_2,TRUE,-0.2132096,0.977,TNFSF11 _ LGR4,TAM PARP14+ SPP1+ _ Urothelial Usage_2,TNFSF11 _ LGR4 _ TAM PARP14+ SPP1+ _ Urothelial Usage_2,0.010105436,NA,BLAD1157,BLAD1157_TAM PARP14+ SPP1+_Urothelial Usage_2
IL18_IL18R1_IL18RAP,-0.1687422,1,TAM PARP14+ SPP1+,Urothelial Usage_2,TRUE,-0.22218174,0.99,IL18 _ IL18R1,TAM PARP14+ SPP1+ _ Urothelial Usage_2,IL18 _ IL18R1 _ TAM PARP14+ SPP1+ _ Urothelial Usage_2,0.004364805,NA,BLAD1157,BLAD1157_TAM PARP14+ SPP1+_Urothelial Usage_2
IL18R1_IL18RAP,-0.1687422,1,TAM PARP14+ SPP1+,Urothelial Usage_2,TRUE,-0.22218174,0.99,IL18 _ IL18R1,TAM PARP14+ SPP1+ _ Urothelial Usage_2,IL18 _ IL18R1 _ TAM PARP14+ SPP1+ _ Urothelial Usage_2,0.004364805,NA,BLAD1157,BLAD1157_TAM PARP14+ SPP1+_Urothelial Usage_2
ITGAV_ITGB6,-0.05073865,1,TAM M1 HLA-DPB1+,Urothelial Usage_1,TRUE,-0.24443273,0.999,FN1 _ ITGB6,TAM M1 HLA-DPB1+ _ Urothelial Usage_1,FN1 _ ITGB6 _ TAM M1 HLA-DPB1+ _ Urothelial Usage_1,0.000434512,NA,BLAD1157,BLAD1157_TAM M1 HLA-DPB1+_Urothelial Usage_1
LILRB2,-0.030566001,1,TAM PARP14+ SPP1+,Urothelial Usage_1,TRUE,-0.36370036,0.965,HLA-B _ LILRB2,TAM PARP14+ SPP1+ _ Urothelial Usage_1,HLA-B _ LILRB2 _ TAM PARP14+ SPP1+ _ Urothelial Usage_1,0.015472687,NA,BLAD1157,BLAD1157_TAM PARP14+ SPP1+_Urothelial Usage_1
ITGA6,1.1485566,1,TAM M1 HLA-DPB1+,Urothelial Usage_1,TRUE,1.1411448,1.00E-04,THBS1 _ ITGA6,TAM M1 HLA-DPB1+ _ Urothelial Usage_1,THBS1 _ ITGA6 _ TAM M1 HLA-DPB1+ _ Urothelial Usage_1,4,0.190481867,BLAD1157moccg,BLAD1157moccg_TAM M1 HLA-DPB1+_Urothelial Usage_1
IL1R1_IL1RAP,-0.24081813,1,TAM M1 HLA-DPB1+,Urothelial Usage_1,TRUE,0.71514356,1.00E-04,IL1B _ IL1R1,TAM M1 HLA-DPB1+ _ Urothelial Usage_1,IL1B _ IL1R1 _ TAM M1 HLA-DPB1+ _ Urothelial Usage_1,4,-0.483695213,BLAD1157moccg,BLAD1157moccg_TAM M1 HLA-DPB1+_Urothelial Usage_1
ITGA3,1.1074386,1,TAM M1 HLA-DPB1+,Urothelial Usage_1,TRUE,0.57561797,1.00E-04,TIMP2 _ ITGA3,TAM M1 HLA-DPB1+ _ Urothelial Usage_1,TIMP2 _ ITGA3 _ TAM M1 HLA-DPB1+ _ Urothelial Usage_1,4,-0.796816463,BLAD1157moccg,BLAD1157moccg_TAM M1 HLA-DPB1+_Urothelial Usage_1
CXADR,0.48259914,1,TAM M1 HLA-DPB1+,Urothelial Usage_1,TRUE,0.39843583,0.003,JAML _ CXADR,TAM M1 HLA-DPB1+ _ Urothelial Usage_1,JAML _ CXADR _ TAM M1 HLA-DPB1+ _ Urothelial Usage_1,2.522878745,-1.327580705,BLAD1157moccg,BLAD1157moccg_TAM M1 HLA-DPB1+_Urothelial Usage_1
TNFRSF8,-0.063151374,1,TAM M1 HLA-DPB1+,Urothelial Usage_2,TRUE,0.21569955,0.068,TNFSF8 _ TNFRSF8,TAM M1 HLA-DPB1+ _ Urothelial Usage_2,TNFSF8 _ TNFRSF8 _ TAM M1 HLA-DPB1+ _ Urothelial Usage_2,1.167491087,-2.212904928,BLAD1157moccg,BLAD1157moccg_TAM M1 HLA-DPB1+_Urothelial Usage_2
TNFRSF14,0.13176632,1,TAM M1 HLA-DPB1+,Urothelial Usage_6,TRUE,0.027909696,0.051,TNFSF14 _ TNFRSF14,TAM M1 HLA-DPB1+ _ Urothelial Usage_6,TNFSF14 _ TNFRSF14 _ TAM M1 HLA-DPB1+ _ Urothelial Usage_6,1.292429824,-5.16308978,BLAD1157moccg,BLAD1157moccg_TAM M1 HLA-DPB1+_Urothelial Usage_6
LILRB1,-0.08243249,1,TAM M1 HLA-DPB1+,Urothelial Usage_1,TRUE,-0.021664195,0.002,HLA-B _ LILRB1,TAM M1 HLA-DPB1+ _ Urothelial Usage_1,HLA-B _ LILRB1 _ TAM M1 HLA-DPB1+ _ Urothelial Usage_1,2.698970004,NA,BLAD1157moccg,BLAD1157moccg_TAM M1 HLA-DPB1+_Urothelial Usage_1
ITGAV_ITGB6,0.12461242,1,TAM M1 HLA-DPB1+,Urothelial Usage_1,TRUE,-0.12433532,0.95,FN1 _ ITGB6,TAM M1 HLA-DPB1+ _ Urothelial Usage_1,FN1 _ ITGB6 _ TAM M1 HLA-DPB1+ _ Urothelial Usage_1,0.022276395,NA,BLAD1157moccg,BLAD1157moccg_TAM M1 HLA-DPB1+_Urothelial Usage_1
FAS,-0.22123839,1,TAM M1 HLA-DPB1+,Urothelial Usage_2,TRUE,-0.15588641,0.939,TNFSF13 _ FAS,TAM M1 HLA-DPB1+ _ Urothelial Usage_2,TNFSF13 _ FAS _ TAM M1 HLA-DPB1+ _ Urothelial Usage_2,0.027334408,NA,BLAD1157moccg,BLAD1157moccg_TAM M1 HLA-DPB1+_Urothelial Usage_2
